{
"type": "FeatureCollection",
"name": "UpperBasin_simple",
"crs": { "type": "name", "properties": { "name": "urn:ogc:def:crs:OGC:1.3:CRS84" } },
"features": [
{ "type": "Feature", "properties": { "OBJECTID": 1, "tnmid": "{55B52F2D-76B0-44EA-8BE7-B371E86617AC}", "metasourceid": null, "sourcedatadesc": null, "sourceoriginator": null, "sourcefeatureid": null, "loaddate": 1608549617000.0, "referencegnis_ids": null, "areaacres": 72542420.75, "areasqkm": 293569.02, "states": "AZ,CO,NM,UT,WY", "huc2": "14", "name": "Upper Colorado Region", "globalid": "{B0EDD6A4-3E3D-427B-A286-3DAE8EAA799B}", "Shape_Length": 44.609821610849657, "Shape_Area": 30.612951148673528 }, "geometry": { "type": "Polygon", "coordinates": [ [ [ -110.033484021, 43.450054671000032 ], [ -110.041612429999986, 43.452186729000061 ], [ -110.051413044999947, 43.45064729000007 ], [ -110.062767552999958, 43.450184846000063 ], [ -110.06405799099997, 43.446889990000045 ], [ -110.071616219999967, 43.445898019000026 ], [ -110.075785476999954, 43.443344525000043 ], [ -110.079994012999975, 43.445967100000082 ], [ -110.087270936999971, 43.442758938000054 ], [ -110.094280385, 43.43971209700004 ], [ -110.094203880999942, 43.436608006000029 ], [ -110.097208074999969, 43.43701149900005 ], [ -110.098129950999976, 43.434588987000041 ], [ -110.096079817999964, 43.431829679000032 ], [ -110.098184039999978, 43.429109502000081 ], [ -110.094912428999976, 43.419479566000064 ], [ -110.085835353, 43.408402728000056 ], [ -110.088553892, 43.406011062000061 ], [ -110.104924399999973, 43.407022402000052 ], [ -110.107254316999956, 43.40764985900006 ], [ -110.109779198999959, 43.404747470000068 ], [ -110.113219817999948, 43.400273069000029 ], [ -110.112649907, 43.395937456000077 ], [ -110.105463013999952, 43.386393590000068 ], [ -110.102051689999939, 43.383813901000053 ], [ -110.114241048999986, 43.373574029000054 ], [ -110.114048883999942, 43.370748709000054 ], [ -110.111827985, 43.370223324000051 ], [ -110.116332515999943, 43.364567945000033 ], [ -110.132439124999962, 43.367479482000078 ], [ -110.142163953999955, 43.367965765000065 ], [ -110.148290359999976, 43.376616904000059 ], [ -110.156751061999955, 43.379734196000079 ], [ -110.160984035999945, 43.380831159000081 ], [ -110.168532429999971, 43.381574369000077 ], [ -110.176268487999948, 43.375817573000063 ], [ -110.183922680999956, 43.376069461000043 ], [ -110.184143872999982, 43.373663847000053 ], [ -110.193823428999963, 43.367604319000058 ], [ -110.192158520999953, 43.361739340000042 ], [ -110.19995769999997, 43.355821610000078 ], [ -110.207245502999967, 43.354291738000029 ], [ -110.214351091999958, 43.35130476900008 ], [ -110.226563639999938, 43.35490941900008 ], [ -110.241627136999966, 43.348881867000046 ], [ -110.261461119999979, 43.333313906000051 ], [ -110.265613268999971, 43.329030983000052 ], [ -110.262423436999939, 43.327356898000069 ], [ -110.264463703, 43.317862413000057 ], [ -110.261852510999972, 43.314458630000047 ], [ -110.260490155999946, 43.308895698000079 ], [ -110.254427199999952, 43.301586858000064 ], [ -110.250201970999967, 43.286736419000079 ], [ -110.243077753999955, 43.283275981000038 ], [ -110.210661103999954, 43.277797214000032 ], [ -110.178001595999945, 43.272181832000058 ], [ -110.176830722, 43.270752662000064 ], [ -110.177213888999972, 43.266978019000078 ], [ -110.171173015999955, 43.258603685000026 ], [ -110.170144834999974, 43.252378397000022 ], [ -110.171454437999955, 43.247292154000043 ], [ -110.167463337999948, 43.240727565000043 ], [ -110.158705297999973, 43.236839436000025 ], [ -110.157360257999983, 43.227713397000052 ], [ -110.162669988999937, 43.221852561000048 ], [ -110.167198362999954, 43.218846877000033 ], [ -110.182569063999964, 43.223361392000065 ], [ -110.190957196999989, 43.222622233000038 ], [ -110.199238666999975, 43.212972210000032 ], [ -110.202535010999952, 43.201646252000046 ], [ -110.197921163, 43.19497694000006 ], [ -110.196093770999937, 43.186328901000017 ], [ -110.199852350999947, 43.175900083000045 ], [ -110.20113945199995, 43.168641072000078 ], [ -110.197869628, 43.152735750000033 ], [ -110.193332877999978, 43.144867817000033 ], [ -110.200532672999941, 43.142404624000051 ], [ -110.205460308999989, 43.139009750000071 ], [ -110.203337040999941, 43.13326255100003 ], [ -110.199713494999969, 43.132511801000078 ], [ -110.203756745999954, 43.128585046000069 ], [ -110.202629740999953, 43.126915341000029 ], [ -110.209157164999965, 43.122953151000054 ], [ -110.212218548999942, 43.119355862000077 ], [ -110.212783182999942, 43.108904812000048 ], [ -110.225169595999958, 43.105707468000048 ], [ -110.231219230999955, 43.105211706000034 ], [ -110.240968496, 43.102741570000028 ], [ -110.256769361999943, 43.100604979000025 ], [ -110.258878353999989, 43.099524645000031 ], [ -110.266270642999984, 43.100708124000057 ], [ -110.272312646999978, 43.095939663000081 ], [ -110.273548607999942, 43.08729108700004 ], [ -110.272459093999942, 43.083550091000063 ], [ -110.283626473999959, 43.082349444000045 ], [ -110.28541181099996, 43.080471211000024 ], [ -110.282854889999953, 43.074854188000074 ], [ -110.291578655999956, 43.069091968000066 ], [ -110.295618033999972, 43.067691705000072 ], [ -110.301782109, 43.066271117000049 ], [ -110.325608206999959, 43.070026268000056 ], [ -110.354805905999967, 43.06838782300008 ], [ -110.368679723999946, 43.06218455700008 ], [ -110.38487269999996, 43.058776093000063 ], [ -110.389580334999948, 43.058071864000055 ], [ -110.406519232, 43.052046130000065 ], [ -110.412491648999946, 43.05134765300005 ], [ -110.42450204499994, 43.045227476000044 ], [ -110.436079475999975, 43.044191099000045 ], [ -110.441679750999981, 43.049521453000068 ], [ -110.449826217999956, 43.05073741700005 ], [ -110.46841077, 43.046831225000062 ], [ -110.468494960999976, 43.042324219000079 ], [ -110.468528846999959, 43.038380417000042 ], [ -110.467371472999972, 43.033784840000067 ], [ -110.475916661999975, 43.019754798000065 ], [ -110.483180708999953, 43.011518568000042 ], [ -110.487555898999972, 43.006765542000039 ], [ -110.491072662999954, 43.00305604700003 ], [ -110.518652808999946, 42.995292747000065 ], [ -110.518183570999952, 42.985581153000055 ], [ -110.528781693999974, 42.978797517000032 ], [ -110.538704407999944, 42.974594733000067 ], [ -110.543687923, 42.974614730000042 ], [ -110.547332209999979, 42.970443060000036 ], [ -110.557056263, 42.968542028000051 ], [ -110.562222436999946, 42.969156582000039 ], [ -110.569414009999946, 42.980953414000055 ], [ -110.572925320999957, 42.989052941000068 ], [ -110.570890360999954, 42.997177562000047 ], [ -110.575517529999956, 42.999528190000042 ], [ -110.586667892, 42.998321909000026 ], [ -110.595881162999945, 43.000138867000032 ], [ -110.599861681, 42.996675897000046 ], [ -110.608686955999985, 43.003122854000026 ], [ -110.631320005999953, 42.99720405000005 ], [ -110.642653742, 42.998978480000069 ], [ -110.64169524, 42.99229557700005 ], [ -110.63778016699996, 42.982389672000068 ], [ -110.635268305999944, 42.977772696000045 ], [ -110.635994707999942, 42.973394167000038 ], [ -110.633327100999963, 42.971486730000038 ], [ -110.629586310999969, 42.964074682000046 ], [ -110.628984541999955, 42.960572641000056 ], [ -110.621007143999975, 42.958636683000066 ], [ -110.619419960999949, 42.953346949000036 ], [ -110.621722547, 42.951170009000066 ], [ -110.614220585999988, 42.950550538000073 ], [ -110.610617483999988, 42.95406098400008 ], [ -110.605222128999969, 42.945510012000057 ], [ -110.601456722999956, 42.937913817000037 ], [ -110.600733629, 42.934136820000049 ], [ -110.60170414199996, 42.926076274000032 ], [ -110.608956029999945, 42.918883839000038 ], [ -110.614426453999954, 42.912576892000061 ], [ -110.619711063999944, 42.911073572000078 ], [ -110.614123453, 42.905350393000049 ], [ -110.610116321999953, 42.903767473000073 ], [ -110.607910263999941, 42.899339026000057 ], [ -110.604310109999972, 42.889290815000045 ], [ -110.597430569999972, 42.887678391000065 ], [ -110.598464083999943, 42.879149025000061 ], [ -110.596541683999988, 42.876254980000056 ], [ -110.595318684999938, 42.86911300200007 ], [ -110.591353125999944, 42.864118461000032 ], [ -110.590806640999972, 42.858470771000043 ], [ -110.583539429999973, 42.850029531000082 ], [ -110.582842948999939, 42.836374016000036 ], [ -110.579912990999958, 42.831887455000071 ], [ -110.580941646999989, 42.824259580000046 ], [ -110.57718074099995, 42.817666202000062 ], [ -110.578178163999951, 42.81243187200004 ], [ -110.582683261999989, 42.808122633000039 ], [ -110.582138534999956, 42.802545486000035 ], [ -110.583114409999951, 42.79707163300003 ], [ -110.590904796999951, 42.793909099000075 ], [ -110.596111530999963, 42.792800094000022 ], [ -110.602236596999944, 42.794661726000072 ], [ -110.620661647999952, 42.797392929000068 ], [ -110.630395268999962, 42.803007507000068 ], [ -110.637430853999945, 42.803624445000025 ], [ -110.640513784999939, 42.80412315600006 ], [ -110.639692254999943, 42.796706400000062 ], [ -110.638397577999967, 42.773834189000077 ], [ -110.632531287999939, 42.768621524000025 ], [ -110.636981160999937, 42.754625636000071 ], [ -110.636802405999958, 42.748220342000025 ], [ -110.635193048999952, 42.742458390000081 ], [ -110.629568512999981, 42.738404648000028 ], [ -110.621521943999937, 42.732207047000031 ], [ -110.617017798999939, 42.728984313000069 ], [ -110.617418518999955, 42.722368435000078 ], [ -110.624242446999972, 42.715943739000068 ], [ -110.627998403999982, 42.711696549000067 ], [ -110.642670567999986, 42.712624592000054 ], [ -110.645085776999963, 42.708341134000079 ], [ -110.64449142899997, 42.70234404200005 ], [ -110.64153738899995, 42.678940662000052 ], [ -110.624527173, 42.679408114000076 ], [ -110.613756909999964, 42.680798900000077 ], [ -110.614215298999966, 42.676627736000057 ], [ -110.617181731999949, 42.672827642000073 ], [ -110.620816005999984, 42.663388232000045 ], [ -110.618238520999967, 42.660399654000059 ], [ -110.616330633999965, 42.649356075000071 ], [ -110.618158290999986, 42.645200647000081 ], [ -110.628338078999946, 42.640188998000042 ], [ -110.635784905999969, 42.63626406000003 ], [ -110.633303950999974, 42.629242096000041 ], [ -110.629734823999968, 42.628272896000055 ], [ -110.630279370999972, 42.62149465400006 ], [ -110.627815789999957, 42.613144163000079 ], [ -110.626552646999983, 42.607739153000068 ], [ -110.623794678999957, 42.604262384000037 ], [ -110.626915340999972, 42.59898114300006 ], [ -110.631683858999963, 42.583999633000076 ], [ -110.628427209999984, 42.580551504000027 ], [ -110.617712496999957, 42.577526777000053 ], [ -110.618686495999953, 42.566526769000063 ], [ -110.616570589, 42.559984325000066 ], [ -110.616131002999978, 42.554623393000043 ], [ -110.617074931, 42.543464717000063 ], [ -110.615521422999961, 42.541278030000058 ], [ -110.627837801999988, 42.537595118000077 ], [ -110.63074022099994, 42.533872687000041 ], [ -110.638508436999984, 42.533436888000047 ], [ -110.653214064999986, 42.530423305000056 ], [ -110.655529051999963, 42.535000556000064 ], [ -110.667386144999966, 42.530837289000033 ], [ -110.670917692999978, 42.536609104000036 ], [ -110.673512460999973, 42.534349552000037 ], [ -110.674868526999944, 42.530050596000081 ], [ -110.681191625999986, 42.525576372000053 ], [ -110.682186845999979, 42.527982612000073 ], [ -110.69607783, 42.525165307000066 ], [ -110.712574880999966, 42.544738698000053 ], [ -110.716185792999966, 42.552923221000071 ], [ -110.717353689999982, 42.567818364000061 ], [ -110.718189108999979, 42.574673435000079 ], [ -110.722354162999977, 42.576950332000081 ], [ -110.721904536999944, 42.585355751000066 ], [ -110.724592558999973, 42.591039769000076 ], [ -110.732209587999989, 42.590155087000028 ], [ -110.736061827999947, 42.588850832000048 ], [ -110.728504957999974, 42.56655416500007 ], [ -110.72577909599994, 42.543742325000039 ], [ -110.718143690999966, 42.530983090000063 ], [ -110.713074150999958, 42.525565697000047 ], [ -110.71156999699997, 42.516315890000051 ], [ -110.704982353999981, 42.511324607000063 ], [ -110.705023186999938, 42.487511514000055 ], [ -110.703242779, 42.483172485000068 ], [ -110.691704592999955, 42.482386502000054 ], [ -110.687549602, 42.476802480000053 ], [ -110.688091593999957, 42.467578757000076 ], [ -110.681972823999956, 42.458147913000069 ], [ -110.673468354999954, 42.45001138300006 ], [ -110.672822792, 42.440616391000056 ], [ -110.662911740999959, 42.431236608000063 ], [ -110.659415698999965, 42.425380503000042 ], [ -110.652170465999973, 42.423952485000029 ], [ -110.643334981999942, 42.40322887700006 ], [ -110.64006399699997, 42.387839846000077 ], [ -110.638582043999975, 42.384648652000067 ], [ -110.636063826999987, 42.378577445000076 ], [ -110.634883229999957, 42.37578303600003 ], [ -110.636465920999967, 42.371425235000061 ], [ -110.634221775999947, 42.367985611000051 ], [ -110.63540342899995, 42.363134676000072 ], [ -110.642982933999974, 42.363781046000049 ], [ -110.649363644999937, 42.36982406900006 ], [ -110.662198646999968, 42.358223773000077 ], [ -110.669040818999974, 42.359749531000034 ], [ -110.672222475999945, 42.360940811000035 ], [ -110.684357924999986, 42.355260937000025 ], [ -110.69747269, 42.35457841300007 ], [ -110.703907492999974, 42.35000722400008 ], [ -110.706715781999947, 42.345862765000049 ], [ -110.718530082999962, 42.338503732000056 ], [ -110.735573496999962, 42.331887425000048 ], [ -110.73875056199995, 42.334174566000058 ], [ -110.74471731899996, 42.331401391000043 ], [ -110.750735955999971, 42.334848509000039 ], [ -110.756841063999957, 42.340505031000077 ], [ -110.757200570999942, 42.345684796000057 ], [ -110.763141952999945, 42.349862890000054 ], [ -110.776803385999983, 42.338941197000054 ], [ -110.787302666999949, 42.33062966500006 ], [ -110.789184359999979, 42.329465034000066 ], [ -110.795884109999974, 42.31634660900005 ], [ -110.797982614999967, 42.312409748000057 ], [ -110.796082292999984, 42.307804365000038 ], [ -110.799152374999949, 42.302307035000069 ], [ -110.796053924999981, 42.298952085000053 ], [ -110.810245531999968, 42.261818172000069 ], [ -110.807882317999955, 42.256021815000054 ], [ -110.806721341999946, 42.249427175000058 ], [ -110.808070682999983, 42.245807393000064 ], [ -110.806236866999939, 42.238741585000071 ], [ -110.805432819999965, 42.236565036000059 ], [ -110.808777307999947, 42.229587882000033 ], [ -110.806702260999941, 42.206556311000043 ], [ -110.810641945999976, 42.200275194000028 ], [ -110.802236635999975, 42.192287839000073 ], [ -110.803314499999942, 42.188396894000043 ], [ -110.810325536999983, 42.185424928000032 ], [ -110.812300729999947, 42.177267329000074 ], [ -110.806581431999973, 42.176706548000027 ], [ -110.805318744999965, 42.174097091000085 ], [ -110.805947760999985, 42.16901385400007 ], [ -110.805870742999957, 42.164588058000049 ], [ -110.806789730999981, 42.162442300000066 ], [ -110.801717980999967, 42.15562774700004 ], [ -110.787967787999946, 42.154429905000022 ], [ -110.784228428999938, 42.152744474000031 ], [ -110.784992030999945, 42.150051827000027 ], [ -110.792446545999951, 42.144416106000051 ], [ -110.798051478, 42.137826246000031 ], [ -110.795569178, 42.133552323000053 ], [ -110.796818855999959, 42.133016775000044 ], [ -110.793601723999984, 42.125906011000041 ], [ -110.796154901999955, 42.114813010000034 ], [ -110.796631629, 42.109485062000033 ], [ -110.793266814, 42.101054024000064 ], [ -110.792613113999948, 42.098408002000049 ], [ -110.799315329999956, 42.091336001000059 ], [ -110.802964413999973, 42.085834244000068 ], [ -110.799620159999975, 42.071015315000075 ], [ -110.795415526999989, 42.06580944500007 ], [ -110.79776119099995, 42.053793596000048 ], [ -110.798793930999977, 42.050521927000034 ], [ -110.79371632799996, 42.043059544000073 ], [ -110.798934565999957, 42.038024588000049 ], [ -110.798493251999957, 42.034887447000074 ], [ -110.799640641999986, 42.033063723000055 ], [ -110.797717645999967, 42.027000410000035 ], [ -110.801045044999967, 42.025599463000049 ], [ -110.800555332999977, 42.023114158000055 ], [ -110.796676709999986, 42.018406136000067 ], [ -110.799499883999943, 42.01646192100003 ], [ -110.79595057399996, 42.012537074000079 ], [ -110.788327613999968, 42.007357013000039 ], [ -110.788662829999964, 42.001186144000037 ], [ -110.795127669999943, 41.996633927000062 ], [ -110.795918413999971, 41.985229024000041 ], [ -110.800234505, 41.97890199100005 ], [ -110.79721266699994, 41.968766816000027 ], [ -110.804268097999966, 41.962293511000041 ], [ -110.793362025999954, 41.962260342000036 ], [ -110.784993859999986, 41.959603078000043 ], [ -110.779512766, 41.957060225000085 ], [ -110.77478045099997, 41.951032020000071 ], [ -110.779149857999982, 41.937122350000038 ], [ -110.777878042999987, 41.935424541000032 ], [ -110.74779837399997, 41.936378188000049 ], [ -110.733151422, 41.924245334000034 ], [ -110.727662101999954, 41.924925812000026 ], [ -110.725173904999977, 41.926429726000038 ], [ -110.705040910999969, 41.923703143000075 ], [ -110.687756365999988, 41.919546436000076 ], [ -110.668758869999976, 41.907674889000077 ], [ -110.664447364999944, 41.899385433000077 ], [ -110.669345883999938, 41.895412157000067 ], [ -110.673624662999941, 41.892198721000057 ], [ -110.671448973999986, 41.888356187000056 ], [ -110.663545633999945, 41.88394764800006 ], [ -110.660240793999947, 41.88181717100008 ], [ -110.651358745999985, 41.880431631000079 ], [ -110.643978854999943, 41.878041395000025 ], [ -110.639944482999965, 41.876889446000064 ], [ -110.63790049, 41.872881808000045 ], [ -110.637663470999939, 41.867781946000036 ], [ -110.623188389999939, 41.860700317000067 ], [ -110.619960172, 41.858527848000058 ], [ -110.609595188999947, 41.855493793000051 ], [ -110.612158156999953, 41.840039797000031 ], [ -110.612343586999941, 41.836718656000073 ], [ -110.598678294999957, 41.832279183000018 ], [ -110.600066275999964, 41.818667478000066 ], [ -110.605359853999971, 41.800834450000025 ], [ -110.607866587, 41.798880133000068 ], [ -110.608702839999978, 41.793149026000037 ], [ -110.617829651999969, 41.786109239000048 ], [ -110.617331147999948, 41.782688738000047 ], [ -110.625797423999984, 41.779472768000062 ], [ -110.627208443999962, 41.77553430100005 ], [ -110.632252368999971, 41.773860572000046 ], [ -110.633100632, 41.766190526000067 ], [ -110.630276085, 41.76559877100005 ], [ -110.622947959999976, 41.765264151000054 ], [ -110.620127555999943, 41.750783589000036 ], [ -110.621048417999987, 41.746377047000067 ], [ -110.622426534999988, 41.736999358000048 ], [ -110.635577466999962, 41.734399878000033 ], [ -110.646272837999959, 41.734666191000031 ], [ -110.652996480999946, 41.726178965000031 ], [ -110.654145121999989, 41.722374996000042 ], [ -110.657459973999948, 41.715760935000048 ], [ -110.659221469999977, 41.716038127000047 ], [ -110.66387537199995, 41.711059530000057 ], [ -110.667844058999947, 41.710566181000047 ], [ -110.678271296, 41.706827300000036 ], [ -110.675179035999975, 41.700641529000052 ], [ -110.678634078999949, 41.699019478000025 ], [ -110.671361981999965, 41.691772595000032 ], [ -110.673052816999984, 41.687989637000037 ], [ -110.684592636, 41.689012571000035 ], [ -110.683645785999943, 41.68390114500005 ], [ -110.698901387999967, 41.67714337700005 ], [ -110.71752599499996, 41.678317169000032 ], [ -110.723962405999941, 41.678896020000025 ], [ -110.733481179999956, 41.686008851000054 ], [ -110.756507146, 41.689109512000073 ], [ -110.758078085999955, 41.691929528000067 ], [ -110.762926119999975, 41.691143342000032 ], [ -110.771133919999954, 41.693852522000043 ], [ -110.774126879, 41.69330284800003 ], [ -110.774748376, 41.696080901000073 ], [ -110.779207281999959, 41.696377583000071 ], [ -110.779803388999937, 41.698538281000026 ], [ -110.793836888999977, 41.699880785000062 ], [ -110.794434961999983, 41.701629913000033 ], [ -110.810440032999963, 41.700300162000076 ], [ -110.817729891999988, 41.70395246600004 ], [ -110.837465709999947, 41.703385446000027 ], [ -110.839052445, 41.705403511000036 ], [ -110.846691318999945, 41.707450244000029 ], [ -110.854402283999946, 41.708303395000037 ], [ -110.856919000999937, 41.705961885000079 ], [ -110.865236592999963, 41.705519767000048 ], [ -110.869287831999941, 41.704207958000033 ], [ -110.865669708999974, 41.695359292000035 ], [ -110.871835183999963, 41.692898183000061 ], [ -110.886874897999974, 41.684192893000038 ], [ -110.892112387999987, 41.67800706200007 ], [ -110.899891689999947, 41.677047248000065 ], [ -110.898526295999943, 41.673158700000052 ], [ -110.908614383999975, 41.668518627000033 ], [ -110.910278991999988, 41.664899968000043 ], [ -110.909891411999979, 41.657741926000035 ], [ -110.916988775999982, 41.651843837000058 ], [ -110.920599177999989, 41.648679425000068 ], [ -110.924826904999975, 41.632803249000062 ], [ -110.922655773999963, 41.62580858500008 ], [ -110.919068257999982, 41.622823644000057 ], [ -110.921295534999956, 41.616593020000039 ], [ -110.920328895999944, 41.611861752000038 ], [ -110.925213764999981, 41.606475994000057 ], [ -110.922110566999947, 41.600508913000056 ], [ -110.925335298, 41.596048131000039 ], [ -110.916623479999942, 41.595198467000039 ], [ -110.913345103999973, 41.587524011000028 ], [ -110.911754640999959, 41.578534288000071 ], [ -110.916211758999964, 41.574053627000069 ], [ -110.912529500999938, 41.572652263000066 ], [ -110.912669482999959, 41.57047219300005 ], [ -110.907604188999983, 41.569193018000078 ], [ -110.898910759999978, 41.567355139000028 ], [ -110.890915153, 41.566422207000073 ], [ -110.888000723999951, 41.564897402000042 ], [ -110.889393593999955, 41.559118910000052 ], [ -110.883802169999967, 41.554238511000051 ], [ -110.882021539, 41.547202360000028 ], [ -110.881150237999975, 41.54442457600004 ], [ -110.885352185999977, 41.537147443000038 ], [ -110.885649613999988, 41.531512151000079 ], [ -110.89114754699996, 41.526765504000032 ], [ -110.891054293999957, 41.518793025000036 ], [ -110.879700826999965, 41.512877651000061 ], [ -110.874267267, 41.511283228000032 ], [ -110.87374119499998, 41.508405634000042 ], [ -110.879439697999942, 41.502557642000056 ], [ -110.877107575999958, 41.499318398000071 ], [ -110.872617199, 41.498674162000036 ], [ -110.870949489999987, 41.495435453000027 ], [ -110.867033463999974, 41.493402995000054 ], [ -110.867834907999963, 41.484582400000079 ], [ -110.873623799999976, 41.479843592000066 ], [ -110.878534447999982, 41.475243244000069 ], [ -110.875108252999951, 41.474660252000035 ], [ -110.877927909999983, 41.465661826000037 ], [ -110.88228006199995, 41.460821064000072 ], [ -110.890137327, 41.455863656000076 ], [ -110.888196478999987, 41.449298352000021 ], [ -110.88804055199995, 41.447320163000029 ], [ -110.874346259999982, 41.446704121000039 ], [ -110.875448676999952, 41.442521692000078 ], [ -110.883787635999965, 41.43456795700007 ], [ -110.885189448999938, 41.430103777000056 ], [ -110.888044957, 41.429277358000036 ], [ -110.884095015999947, 41.425916670000049 ], [ -110.885453522999981, 41.41587781700008 ], [ -110.899689648, 41.409956778000037 ], [ -110.903438781999967, 41.405244523000079 ], [ -110.906827096999962, 41.402100259000065 ], [ -110.904918226999939, 41.400700295000036 ], [ -110.898788722999939, 41.40033503800003 ], [ -110.890480310999976, 41.394083494000029 ], [ -110.892041800999948, 41.388320648000047 ], [ -110.89201959899998, 41.38588278800006 ], [ -110.896093963999988, 41.38467764100006 ], [ -110.898490368999944, 41.379105172000038 ], [ -110.906787752999946, 41.373747488000049 ], [ -110.906674443999975, 41.369641234000028 ], [ -110.908479065999984, 41.368883421000071 ], [ -110.905680951999955, 41.359290201000078 ], [ -110.909346071999948, 41.35571651500004 ], [ -110.908142624, 41.353607554000064 ], [ -110.886570035999966, 41.366373679000048 ], [ -110.866616659999977, 41.367339009000034 ], [ -110.864021205999961, 41.36686041300004 ], [ -110.856778256999974, 41.368745739000076 ], [ -110.849821259999942, 41.367952639000066 ], [ -110.842895854999938, 41.36889484000006 ], [ -110.833574789999943, 41.368837739000064 ], [ -110.828696744999945, 41.369138803000055 ], [ -110.821285441, 41.363727297000025 ], [ -110.830318137999939, 41.357265258000041 ], [ -110.826910210999984, 41.350555562000068 ], [ -110.828455013999985, 41.345527494000059 ], [ -110.816788892999966, 41.340778225000065 ], [ -110.814243356999967, 41.33968188700004 ], [ -110.814234175999971, 41.330686562000039 ], [ -110.818789102999972, 41.327671729000031 ], [ -110.816738285999975, 41.325395517000061 ], [ -110.833795736999946, 41.318796237000072 ], [ -110.83069334299995, 41.311752219000027 ], [ -110.833095559999947, 41.304566580000035 ], [ -110.828324025999976, 41.297449517000075 ], [ -110.83905611199998, 41.294346141000062 ], [ -110.836379057999977, 41.290422008000071 ], [ -110.828863982999962, 41.287433074000035 ], [ -110.829013203999978, 41.284120725000037 ], [ -110.81558090599998, 41.284108626000034 ], [ -110.80920729199994, 41.282908844000076 ], [ -110.803135750999957, 41.27451138400005 ], [ -110.804640350999989, 41.27114842900005 ], [ -110.809930173999987, 41.267218814000039 ], [ -110.807907995999983, 41.26384998900005 ], [ -110.80769627899997, 41.256528333000055 ], [ -110.803713674, 41.253059073000038 ], [ -110.807698483999971, 41.24774433500005 ], [ -110.808555002, 41.242230458000051 ], [ -110.814378644999977, 41.238566143000078 ], [ -110.812572801999977, 41.233338665000069 ], [ -110.822164142999952, 41.225433300000077 ], [ -110.824129844999959, 41.223533372000077 ], [ -110.815318546999947, 41.219722192000063 ], [ -110.810503235999988, 41.214410463000036 ], [ -110.811287363999952, 41.209583827000081 ], [ -110.813240011999937, 41.203886666000074 ], [ -110.80621810699995, 41.20361078600007 ], [ -110.798258321999981, 41.204892197000042 ], [ -110.793952481999952, 41.208893101000058 ], [ -110.789854483999989, 41.213555317000043 ], [ -110.772127105, 41.211468828000079 ], [ -110.772610914999987, 41.206474197000027 ], [ -110.773606936999954, 41.19514597400007 ], [ -110.774918776, 41.193580220000058 ], [ -110.769473560999984, 41.189745734000041 ], [ -110.770567902999971, 41.183615932000066 ], [ -110.776927807999982, 41.179011799000079 ], [ -110.775254197999985, 41.173093833000053 ], [ -110.766860282999971, 41.176797995000072 ], [ -110.75615645, 41.18284619800005 ], [ -110.744825903, 41.187588077000051 ], [ -110.734830828, 41.190464152000061 ], [ -110.718750533, 41.181509746000074 ], [ -110.71697508799997, 41.176685942000063 ], [ -110.718414302999975, 41.168753129000038 ], [ -110.71807789199994, 41.165679944000033 ], [ -110.718674474999943, 41.162465612000069 ], [ -110.705112687999986, 41.164501978000033 ], [ -110.70331807599996, 41.155213516000067 ], [ -110.705927896999981, 41.151640814000082 ], [ -110.706937241, 41.140927742000031 ], [ -110.709421560999942, 41.139182964000042 ], [ -110.705596579999963, 41.134514400000064 ], [ -110.705992056999946, 41.130837180000071 ], [ -110.711112305999961, 41.125718005000067 ], [ -110.712856127999942, 41.12000647800005 ], [ -110.70939029699997, 41.11993155600004 ], [ -110.713121427, 41.112617200000045 ], [ -110.717564296999981, 41.102033619000053 ], [ -110.745098433999942, 41.088813514000037 ], [ -110.743712443999982, 41.079841255000076 ], [ -110.745139259999974, 41.072276024000082 ], [ -110.743633285999977, 41.064334301000031 ], [ -110.746043608999969, 41.061123875000085 ], [ -110.743888780999953, 41.058570858000053 ], [ -110.732275885999982, 41.05793028800008 ], [ -110.728251617999945, 41.055500713000072 ], [ -110.724258731999953, 41.053254006000039 ], [ -110.717022308999958, 41.050101964000085 ], [ -110.711064078, 41.04341018000008 ], [ -110.704775962999975, 41.035016087000024 ], [ -110.70596427, 41.023855891000039 ], [ -110.713625582999953, 41.010055476000048 ], [ -110.718695286999946, 41.005197637000038 ], [ -110.721001179999973, 40.99736031000004 ], [ -110.726969034999968, 40.988550474000078 ], [ -110.73321208699997, 40.984354813000039 ], [ -110.729406209, 40.976055729000059 ], [ -110.719284443999982, 40.973491538000076 ], [ -110.708267683999964, 40.968014587000035 ], [ -110.702394568999978, 40.965718020000061 ], [ -110.700052611999979, 40.96619417200003 ], [ -110.69106613799994, 40.964345146000028 ], [ -110.691814978999957, 40.95960347700003 ], [ -110.687551129999974, 40.958248724000043 ], [ -110.678416955, 40.949665953000078 ], [ -110.671630991999962, 40.937451709000072 ], [ -110.666576635999945, 40.93449925200008 ], [ -110.67041177699997, 40.924144820000038 ], [ -110.676406454999949, 40.917866991000039 ], [ -110.678423296999938, 40.910754129000061 ], [ -110.685411166999984, 40.910169586000052 ], [ -110.685312759999988, 40.90415577400006 ], [ -110.686253766999982, 40.900300455000036 ], [ -110.691830736999989, 40.897507918000031 ], [ -110.694561791999945, 40.893781048000044 ], [ -110.696874630999957, 40.892448675000026 ], [ -110.696273099999985, 40.883461366000063 ], [ -110.694017509999981, 40.880331794000028 ], [ -110.690439590999972, 40.87960852100008 ], [ -110.699504774, 40.872953304000085 ], [ -110.709326784999988, 40.868612684000027 ], [ -110.706884812999988, 40.864570147000052 ], [ -110.70027265899995, 40.863097824000079 ], [ -110.701718637999988, 40.857204861000071 ], [ -110.705488183999989, 40.851187443000079 ], [ -110.700392879, 40.838433479000059 ], [ -110.69359809499997, 40.832106981000038 ], [ -110.690629842999954, 40.827053402000047 ], [ -110.691634836, 40.82280689800006 ], [ -110.686482101999957, 40.813656064000035 ], [ -110.683369306999964, 40.803103418000028 ], [ -110.683342006999965, 40.795630575000075 ], [ -110.681970413999977, 40.793819846000076 ], [ -110.685240354999976, 40.788474321000081 ], [ -110.682587618999946, 40.781097352000074 ], [ -110.68490283899996, 40.759798344000046 ], [ -110.696764759999951, 40.746747428000049 ], [ -110.713379618999966, 40.752373183000032 ], [ -110.72203293299998, 40.746359072000075 ], [ -110.721404758999938, 40.745442442000062 ], [ -110.734562993999987, 40.746548971000045 ], [ -110.743136915999969, 40.744777967000061 ], [ -110.751182679999943, 40.747421553000038 ], [ -110.759860401999958, 40.741805334000048 ], [ -110.766021407999972, 40.74148045700008 ], [ -110.765563911999948, 40.736851500000064 ], [ -110.775501020999968, 40.731534110000041 ], [ -110.783529379999948, 40.730170921000081 ], [ -110.800911646999964, 40.713629526000034 ], [ -110.812390250999968, 40.711349200000036 ], [ -110.824682281, 40.711134384000047 ], [ -110.832355337999971, 40.718107799000059 ], [ -110.839860875999989, 40.720389823000062 ], [ -110.847962699, 40.725234607000068 ], [ -110.858549499999981, 40.721775988000054 ], [ -110.864945794, 40.722887673000059 ], [ -110.876537648999943, 40.728512921000053 ], [ -110.889654040999972, 40.72708470300006 ], [ -110.891267449999987, 40.727897174000084 ], [ -110.894241363999981, 40.72322568900006 ], [ -110.88950035, 40.720072573000039 ], [ -110.887766450999948, 40.720052875000079 ], [ -110.88575878599994, 40.715050912000045 ], [ -110.896907746999958, 40.712602053000069 ], [ -110.90329894499996, 40.706242862000074 ], [ -110.904482452999957, 40.696000727000069 ], [ -110.903722434999963, 40.69054043400007 ], [ -110.901880888, 40.68646237400003 ], [ -110.896334852999985, 40.681844980000058 ], [ -110.892518932999963, 40.680935831000056 ], [ -110.904461589999983, 40.677338510000034 ], [ -110.91112985999996, 40.66562762600006 ], [ -110.908294554999941, 40.655863968000062 ], [ -110.915645177999977, 40.646455402000072 ], [ -110.914307647999976, 40.640206063000051 ], [ -110.922303910999972, 40.638604008000073 ], [ -110.924697693999974, 40.638439172000062 ], [ -110.934998718999964, 40.631044469000074 ], [ -110.94092905499997, 40.628282270000057 ], [ -110.936087634999978, 40.622504493000072 ], [ -110.937063182999964, 40.614315559000033 ], [ -110.931681476999984, 40.600794244000035 ], [ -110.93303962799996, 40.587159710000037 ], [ -110.942097566999962, 40.579466328000088 ], [ -110.949223809999978, 40.574537231000086 ], [ -110.953037493999943, 40.568633420000026 ], [ -110.960033052999961, 40.569235219000063 ], [ -110.976622102999954, 40.575154317000056 ], [ -110.977600334999977, 40.570888708000048 ], [ -110.966469611, 40.561714541000072 ], [ -110.954484991999948, 40.557246368000051 ], [ -110.954323789999989, 40.550926308000051 ], [ -110.949121047999938, 40.550505054000048 ], [ -110.942844884999943, 40.544677596000049 ], [ -110.925597173999975, 40.536640446000042 ], [ -110.926289004999944, 40.531199496000063 ], [ -110.925324093999961, 40.526081513000065 ], [ -110.926832299999944, 40.525307755000028 ], [ -110.920518348999963, 40.521623324000082 ], [ -110.923580954999977, 40.519733290000026 ], [ -110.933642368999983, 40.518428751000044 ], [ -110.932204406999972, 40.511351177000058 ], [ -110.938613009999983, 40.507714815000043 ], [ -110.943845344999943, 40.507960892000028 ], [ -110.948998762999963, 40.504467732000087 ], [ -110.955842212, 40.505384778000064 ], [ -110.962678449999956, 40.512198304000037 ], [ -110.971639445, 40.517475968000042 ], [ -110.978111139999953, 40.516490762000046 ], [ -110.98405840199996, 40.513604377000028 ], [ -110.98797129899998, 40.515424523000043 ], [ -110.994240963999971, 40.51415947400006 ], [ -110.99601721099998, 40.500523778000058 ], [ -111.004956299999947, 40.497303219000052 ], [ -111.011797482999953, 40.495519369000085 ], [ -111.019817199999977, 40.491311638000077 ], [ -111.029717175999963, 40.489791719000038 ], [ -111.032166358999973, 40.479341027000032 ], [ -111.029908445999979, 40.476607140000063 ], [ -111.038782714999968, 40.474339243000038 ], [ -111.051786423999957, 40.472041869000073 ], [ -111.060318740999946, 40.471029335000026 ], [ -111.065515938999965, 40.468706779000058 ], [ -111.067808213999967, 40.466836385000086 ], [ -111.081213302, 40.464548966000052 ], [ -111.085699295999973, 40.465356639000056 ], [ -111.092709161999949, 40.463432660000073 ], [ -111.096137442999975, 40.462565144000052 ], [ -111.104773472999966, 40.467062672000054 ], [ -111.113601190999987, 40.467851806000048 ], [ -111.125369265999964, 40.463736253000036 ], [ -111.137158977999945, 40.46035425500002 ], [ -111.139697569999953, 40.462585823000047 ], [ -111.153904159999968, 40.455879137000068 ], [ -111.167017839999986, 40.45025317100005 ], [ -111.171949468999969, 40.448210102000075 ], [ -111.185485684999946, 40.437194178000027 ], [ -111.183553212, 40.434278020000079 ], [ -111.180708460999938, 40.432332018000068 ], [ -111.178970833999983, 40.421510437000052 ], [ -111.177680482999961, 40.418336459000045 ], [ -111.174918372999969, 40.413966723000044 ], [ -111.179979254999978, 40.412495024000066 ], [ -111.181996842999979, 40.407766855000041 ], [ -111.186954518999983, 40.406143820000068 ], [ -111.191131821999988, 40.408167726000052 ], [ -111.199164413999938, 40.408693438000057 ], [ -111.202326500999959, 40.407579993000077 ], [ -111.214679029999971, 40.413898860000074 ], [ -111.223332643, 40.418483173000034 ], [ -111.228211552999937, 40.413277451000056 ], [ -111.236093343, 40.410938086000051 ], [ -111.239883483999961, 40.405477108000071 ], [ -111.235753267999939, 40.398436011000058 ], [ -111.242566197999963, 40.38556429700003 ], [ -111.243736353999964, 40.368397233000053 ], [ -111.243292267999948, 40.357480492000036 ], [ -111.241889739999976, 40.348592276000026 ], [ -111.247358346999988, 40.344564283000075 ], [ -111.244368755999972, 40.340542012000071 ], [ -111.244969153999989, 40.337824606000019 ], [ -111.244686119999983, 40.333557122000059 ], [ -111.253732495999941, 40.324551067000073 ], [ -111.251781217999962, 40.314829787000065 ], [ -111.248009194999952, 40.309474100000045 ], [ -111.245756823999955, 40.306630572000074 ], [ -111.248549182999966, 40.303848017000057 ], [ -111.25060444099995, 40.303629476000026 ], [ -111.251920212999948, 40.29769041000003 ], [ -111.258370211999988, 40.299201894000078 ], [ -111.272254818999954, 40.298896240000033 ], [ -111.278089339999966, 40.298214660000042 ], [ -111.29257589599996, 40.30759506000004 ], [ -111.297305048999988, 40.310300664000074 ], [ -111.305581898999947, 40.298622533000064 ], [ -111.308592051999938, 40.296374007000061 ], [ -111.310103207999987, 40.289826614000042 ], [ -111.313255430999959, 40.28708024000008 ], [ -111.307149469999956, 40.282210571000064 ], [ -111.308252065, 40.275197547000062 ], [ -111.300987062, 40.273149323000041 ], [ -111.296492035999961, 40.271458936000045 ], [ -111.294478977999972, 40.269461554000031 ], [ -111.293960177999963, 40.265476745000058 ], [ -111.289406322, 40.266043615000058 ], [ -111.278903534999984, 40.257462990000072 ], [ -111.274659204999978, 40.251779270000043 ], [ -111.26902877, 40.247336876000077 ], [ -111.264651373, 40.241566609000074 ], [ -111.267943873999968, 40.236925522000035 ], [ -111.273786412, 40.235662171000058 ], [ -111.272002800999985, 40.227426508000065 ], [ -111.272449030999951, 40.221146174000069 ], [ -111.266131292999944, 40.212507672000065 ], [ -111.263971308999942, 40.210878200000025 ], [ -111.263838481, 40.205614484000087 ], [ -111.257070251999949, 40.201741671000043 ], [ -111.257955975999948, 40.198677606000054 ], [ -111.248042707999971, 40.193159229000067 ], [ -111.234895617999939, 40.179682827000086 ], [ -111.234387219999974, 40.175279831000061 ], [ -111.225161668999988, 40.165956829000045 ], [ -111.226812865999989, 40.160986607000034 ], [ -111.226876433999962, 40.155580017000027 ], [ -111.231312091999939, 40.147898616000084 ], [ -111.224928551999938, 40.142818840000075 ], [ -111.221507599999939, 40.124693752000042 ], [ -111.226454874999945, 40.116323261000048 ], [ -111.230544676999955, 40.106458244000066 ], [ -111.235304226999972, 40.103913185000074 ], [ -111.236201157999972, 40.096589204000047 ], [ -111.241978784999958, 40.089730405000068 ], [ -111.242300142999966, 40.085583800000059 ], [ -111.238291072999971, 40.079106294000042 ], [ -111.240629898999941, 40.073328398000058 ], [ -111.23586248099997, 40.069666855000037 ], [ -111.241667704999941, 40.064941130000086 ], [ -111.24603756, 40.05980547200005 ], [ -111.249199914999963, 40.055136670000024 ], [ -111.245824084999981, 40.050154764000069 ], [ -111.24426286, 40.045444298000064 ], [ -111.239480628999956, 40.041290988000071 ], [ -111.236221146999981, 40.037254830000052 ], [ -111.231024634, 40.036043752000069 ], [ -111.215063013999966, 40.041958025000042 ], [ -111.204646564999962, 40.049233876000073 ], [ -111.20004434, 40.042019031000052 ], [ -111.199298535999958, 40.039543382000033 ], [ -111.200891261999971, 40.036437085000053 ], [ -111.19707084099997, 40.031096211000026 ], [ -111.191189559999941, 40.029045573000076 ], [ -111.187362611999959, 40.020708253000066 ], [ -111.175980207999942, 40.014670422000052 ], [ -111.169875557999944, 40.007109811000078 ], [ -111.16970222599997, 40.000314702000026 ], [ -111.166613272999939, 39.990203905000044 ], [ -111.159784009999953, 39.992051859000071 ], [ -111.151728201999958, 39.984874028000036 ], [ -111.143055247999939, 39.986956616000043 ], [ -111.137565418999955, 39.981689711000058 ], [ -111.133868439999958, 39.97806741800008 ], [ -111.13457815199996, 39.975088854000035 ], [ -111.129943413, 39.971810002000034 ], [ -111.127458285999978, 39.970384885000044 ], [ -111.120569268999986, 39.968671311000037 ], [ -111.118776508999986, 39.966434110000073 ], [ -111.118990578999956, 39.960811693000039 ], [ -111.120552369999984, 39.959139007000033 ], [ -111.120951005999984, 39.956746387000067 ], [ -111.129645952999965, 39.949939148000055 ], [ -111.128885992999983, 39.946899281000071 ], [ -111.124641336999957, 39.945529745000044 ], [ -111.119051909999953, 39.944499241000074 ], [ -111.112164502999988, 39.942600773000045 ], [ -111.102421523999965, 39.943794298000057 ], [ -111.082590727999957, 39.939098048000062 ], [ -111.083853391, 39.926212834000069 ], [ -111.090392319999978, 39.923230396000065 ], [ -111.100004074999958, 39.910004510000078 ], [ -111.117882788999964, 39.901081812000022 ], [ -111.118861676999984, 39.898706655000069 ], [ -111.118865758999959, 39.89553494300003 ], [ -111.127853782999978, 39.893620083000037 ], [ -111.129814685999989, 39.89121229400007 ], [ -111.149816935999979, 39.892974802000026 ], [ -111.150505815999963, 39.875167822000037 ], [ -111.14789927399994, 39.867462938000074 ], [ -111.154791685999953, 39.854623887000059 ], [ -111.154726535999941, 39.846696141000052 ], [ -111.157482178999956, 39.841361881000068 ], [ -111.160378099999946, 39.839078426000071 ], [ -111.168340388, 39.832444936000066 ], [ -111.17360380599996, 39.829211591000046 ], [ -111.175520720999941, 39.815013227000065 ], [ -111.177238227999965, 39.810978588000069 ], [ -111.17774432899995, 39.801246966000065 ], [ -111.182186663999971, 39.794167184000059 ], [ -111.196270797999944, 39.799388342000043 ], [ -111.200636332999977, 39.801939511000057 ], [ -111.211275257999944, 39.807214105000071 ], [ -111.216684498999939, 39.807181828000076 ], [ -111.224318426999972, 39.813897692000069 ], [ -111.226123466, 39.820020639000063 ], [ -111.235500022999986, 39.822025351000036 ], [ -111.235874995999964, 39.825660013000068 ], [ -111.24402721499996, 39.828048938000052 ], [ -111.248144792999938, 39.825116389000065 ], [ -111.266118458999983, 39.828194013000029 ], [ -111.270390922, 39.82939138200004 ], [ -111.27759569399997, 39.831500908000066 ], [ -111.284164782999937, 39.834949395000073 ], [ -111.289275435999969, 39.836292704000073 ], [ -111.29313200699994, 39.841929755000081 ], [ -111.296253413999978, 39.849177233000034 ], [ -111.301003875999982, 39.851917914000069 ], [ -111.302802118999978, 39.854837052000057 ], [ -111.312796866999975, 39.856076322000028 ], [ -111.318110174999958, 39.858517102000057 ], [ -111.324463524999942, 39.856625637000036 ], [ -111.327854402999947, 39.847907831000043 ], [ -111.332675583999972, 39.846731800000043 ], [ -111.334740796999938, 39.841112721000059 ], [ -111.333132751, 39.837400693000063 ], [ -111.343829461999974, 39.833904938000046 ], [ -111.34585676599994, 39.832525090000047 ], [ -111.351267199999938, 39.832292543000051 ], [ -111.35439617599998, 39.833206699000073 ], [ -111.357286792999957, 39.831265166000037 ], [ -111.357199678999962, 39.819736882000029 ], [ -111.358154663999983, 39.810187799000062 ], [ -111.358875312999956, 39.799659651000077 ], [ -111.35991940599996, 39.795662861000046 ], [ -111.358801580999966, 39.789710531000033 ], [ -111.35881272599994, 39.786010721000032 ], [ -111.358041142, 39.781399199000084 ], [ -111.344750137999938, 39.774973612000053 ], [ -111.339319467999985, 39.774225006000052 ], [ -111.337503879999986, 39.769999424000055 ], [ -111.328585622, 39.766230504000077 ], [ -111.32290893399994, 39.761503259000058 ], [ -111.326744462999955, 39.756350943000029 ], [ -111.321852290999971, 39.750976481000073 ], [ -111.331490780999957, 39.746472038000036 ], [ -111.334034826, 39.743922449000024 ], [ -111.336118544999977, 39.742758966000061 ], [ -111.336591925, 39.739133930000037 ], [ -111.33190559999997, 39.735580568000053 ], [ -111.334771358999944, 39.728571330000086 ], [ -111.333273194999947, 39.723604981000058 ], [ -111.327820620999944, 39.718801234000068 ], [ -111.32417716599997, 39.71725580400004 ], [ -111.325935651999941, 39.709870549000073 ], [ -111.329702337999947, 39.706387731000063 ], [ -111.329060334999951, 39.701903136000062 ], [ -111.32972442099998, 39.700063618000058 ], [ -111.321885185999975, 39.693571003000045 ], [ -111.313553257999956, 39.689454706000049 ], [ -111.312778456, 39.677503586000057 ], [ -111.315321100999952, 39.67666143200006 ], [ -111.317822320999937, 39.672070145000077 ], [ -111.324323996999965, 39.67049303400006 ], [ -111.329617037999981, 39.662237164000032 ], [ -111.329404098999987, 39.652864601000033 ], [ -111.329930974, 39.647499259000028 ], [ -111.331295652999984, 39.644699658000043 ], [ -111.32918335, 39.629845046000064 ], [ -111.323244103999969, 39.628960484000054 ], [ -111.318044521, 39.624585801000087 ], [ -111.310980235999978, 39.618163370000055 ], [ -111.312165414, 39.612715446000038 ], [ -111.31408215, 39.606355927000038 ], [ -111.308645221999939, 39.602179310000054 ], [ -111.307141483999942, 39.596030494000047 ], [ -111.313927173999957, 39.583612758000072 ], [ -111.31688070499996, 39.580165673000067 ], [ -111.314730018999967, 39.573011207000043 ], [ -111.305387315999951, 39.568253714000036 ], [ -111.306274112999972, 39.564758705000031 ], [ -111.308863845999952, 39.561500715000079 ], [ -111.3045572, 39.553048597000043 ], [ -111.300709212999962, 39.54615356000005 ], [ -111.30134951499997, 39.541745528000035 ], [ -111.296666435999967, 39.538063183000077 ], [ -111.301638654999977, 39.524280650000037 ], [ -111.300165077999964, 39.520482553000079 ], [ -111.303639789999977, 39.513769816000035 ], [ -111.302183110999977, 39.509864460000074 ], [ -111.308035811999957, 39.503776649000031 ], [ -111.312250873999972, 39.500111440000062 ], [ -111.311453898999957, 39.496365436000076 ], [ -111.317588887999989, 39.495528915000079 ], [ -111.321068844999957, 39.490602560000077 ], [ -111.32152410499998, 39.484099156000077 ], [ -111.325523426999951, 39.479197984000052 ], [ -111.325605323, 39.470653330000061 ], [ -111.320075619999955, 39.466880385000032 ], [ -111.320980864, 39.456425849000034 ], [ -111.328799533999984, 39.453273835000061 ], [ -111.333166110999969, 39.445872337000026 ], [ -111.345388968999941, 39.44020771900005 ], [ -111.351147493999974, 39.441493302000026 ], [ -111.355878315, 39.436399756000078 ], [ -111.359101437, 39.435736058000032 ], [ -111.358406296999988, 39.427403178000077 ], [ -111.360754689999965, 39.422378 ], [ -111.369478427, 39.418485368000063 ], [ -111.371347242999946, 39.417186702000038 ], [ -111.374578855999971, 39.409845763000078 ], [ -111.371907076999946, 39.403704189000052 ], [ -111.371200969999961, 39.400349580000068 ], [ -111.381142311999952, 39.39757092900004 ], [ -111.383706293999978, 39.394377133000035 ], [ -111.384395263999977, 39.388435443000049 ], [ -111.394996548999984, 39.38535581900004 ], [ -111.398113243999944, 39.377241122000044 ], [ -111.413159217999976, 39.369084493000067 ], [ -111.420863595999947, 39.371045515000056 ], [ -111.424807100999942, 39.373014615000045 ], [ -111.430314241999952, 39.369389578000039 ], [ -111.435470848999955, 39.364811942000074 ], [ -111.438389062999988, 39.355989170000043 ], [ -111.443889557999967, 39.351619672000027 ], [ -111.445233790999964, 39.342821609000048 ], [ -111.452293902999941, 39.332914420000066 ], [ -111.445423897999945, 39.326284506000036 ], [ -111.440812791999974, 39.319359161000079 ], [ -111.444691205999959, 39.311352705000047 ], [ -111.448934342999962, 39.31064993800004 ], [ -111.449504877999971, 39.307748710000055 ], [ -111.441711895999958, 39.298337226000051 ], [ -111.447533451999959, 39.290375564000044 ], [ -111.446900092999968, 39.284118744000068 ], [ -111.44400449699998, 39.276824536000042 ], [ -111.443235326999968, 39.27098310100007 ], [ -111.447732052, 39.26555249200004 ], [ -111.448564905999945, 39.259612709000073 ], [ -111.445170718999975, 39.254704236000066 ], [ -111.451176424999971, 39.25037509100008 ], [ -111.456801760999952, 39.242432800000067 ], [ -111.456908512999973, 39.240556207000054 ], [ -111.467522225999971, 39.24843421200007 ], [ -111.468796870999938, 39.240831997000043 ], [ -111.47625269699995, 39.231943334000043 ], [ -111.479934683999943, 39.220901154000046 ], [ -111.483759782, 39.210642895000035 ], [ -111.480332184999952, 39.203782579000062 ], [ -111.479804205999983, 39.201739331000056 ], [ -111.483811517, 39.195140500000036 ], [ -111.485872882999956, 39.187365490000055 ], [ -111.490233946999979, 39.18360989100006 ], [ -111.489858288, 39.175045179000051 ], [ -111.487223730999972, 39.165505842000073 ], [ -111.488430276999964, 39.15711893100007 ], [ -111.484732074999954, 39.147922083000033 ], [ -111.485634578999964, 39.141289873000062 ], [ -111.477785237999967, 39.125374001000068 ], [ -111.47651759699994, 39.124810141000076 ], [ -111.498559010999955, 39.119207600000038 ], [ -111.497570764999978, 39.106831379000027 ], [ -111.501239936, 39.085219060000043 ], [ -111.503468164999958, 39.071910563000074 ], [ -111.498299544999952, 39.06643602500003 ], [ -111.51054249, 39.058789045000026 ], [ -111.516088404999948, 39.05626788700004 ], [ -111.510405427999956, 39.05183228900006 ], [ -111.508583521999981, 39.044228612000047 ], [ -111.511428154999976, 39.039766578000069 ], [ -111.510313097999983, 39.024952081000038 ], [ -111.506340565999949, 39.014845755000067 ], [ -111.503114968999967, 39.002437616000066 ], [ -111.493140574999984, 38.998148228000048 ], [ -111.482142026999952, 38.99836107700002 ], [ -111.476918125999987, 38.998525795000035 ], [ -111.47159447599995, 39.002029952000044 ], [ -111.463338515999965, 39.000095960000067 ], [ -111.459034612999972, 38.998270569000063 ], [ -111.450192737999942, 38.996870009000077 ], [ -111.446026580999956, 38.987896797000076 ], [ -111.447153553999954, 38.980210420000056 ], [ -111.446323588999974, 38.976090874000079 ], [ -111.445138586999974, 38.964164192000055 ], [ -111.440943968999989, 38.96205827000005 ], [ -111.441226762999989, 38.95633917300006 ], [ -111.44754572, 38.956968390000043 ], [ -111.453022165999982, 38.951860330000045 ], [ -111.456237478999981, 38.950460009000039 ], [ -111.462487772999964, 38.950854173000039 ], [ -111.469565526999986, 38.944319656000062 ], [ -111.474214004999965, 38.941336174000071 ], [ -111.474419819, 38.932697046000044 ], [ -111.479512439999951, 38.930167334000032 ], [ -111.48317207599996, 38.930102634000036 ], [ -111.485566931, 38.926762955000072 ], [ -111.488936500999955, 38.923599259000071 ], [ -111.489142435999952, 38.919349478000072 ], [ -111.497292835999986, 38.913412674000028 ], [ -111.498560207999958, 38.907547398000077 ], [ -111.493037954999977, 38.900134218000069 ], [ -111.500656203999938, 38.890373927000049 ], [ -111.493755085999965, 38.882509392000031 ], [ -111.481331597999954, 38.881380689000025 ], [ -111.480435440999941, 38.877843123000048 ], [ -111.474487164999971, 38.876556140000048 ], [ -111.470314956999971, 38.869647901000064 ], [ -111.474127598999985, 38.864118079000043 ], [ -111.469171291999942, 38.859005282000055 ], [ -111.471021806999943, 38.854749063000042 ], [ -111.476211703999979, 38.853284099000064 ], [ -111.483449824, 38.842343158000062 ], [ -111.483934467999973, 38.83470827900004 ], [ -111.487053639999942, 38.829923635000057 ], [ -111.48905298699998, 38.823201898000029 ], [ -111.488195721999944, 38.813657495000029 ], [ -111.48551065099997, 38.811438832000078 ], [ -111.484423728999957, 38.804857613000024 ], [ -111.478945524999972, 38.802341343000073 ], [ -111.47629586, 38.797445954000068 ], [ -111.476720332999946, 38.792933346000041 ], [ -111.483300953999958, 38.790294856000067 ], [ -111.485403448999989, 38.784151851000047 ], [ -111.488525927999945, 38.778835265000055 ], [ -111.487731456999938, 38.775278983000078 ], [ -111.490787237999953, 38.76869681200003 ], [ -111.497574776999954, 38.766672608000079 ], [ -111.504704239999967, 38.765140619000078 ], [ -111.514389876999985, 38.766670967000032 ], [ -111.517484102999958, 38.764990325000042 ], [ -111.522612488999982, 38.764215017000026 ], [ -111.52568027999996, 38.762436205000036 ], [ -111.528253025999959, 38.759699069000078 ], [ -111.535135663999938, 38.756476931000073 ], [ -111.535609372999943, 38.761051290000069 ], [ -111.543813655999941, 38.761253707000037 ], [ -111.556847405999974, 38.755175789000077 ], [ -111.564696801999958, 38.750655551000087 ], [ -111.567087364999963, 38.74509720900005 ], [ -111.570729179999944, 38.743258256000047 ], [ -111.578333241999985, 38.733772354000045 ], [ -111.585001870999974, 38.731310294000025 ], [ -111.591518507999979, 38.732336566000065 ], [ -111.595745401999977, 38.735491559000025 ], [ -111.607870985999966, 38.740151123000025 ], [ -111.618416838999963, 38.745353833000024 ], [ -111.624289923999982, 38.743434801000028 ], [ -111.631574296999986, 38.731275035000067 ], [ -111.638526346, 38.727051389000053 ], [ -111.643471653999939, 38.721283774000028 ], [ -111.64201488599997, 38.716988842000035 ], [ -111.644223505999946, 38.715989898000039 ], [ -111.647871668999983, 38.715775916000041 ], [ -111.649264658999982, 38.713970312000072 ], [ -111.64774629, 38.711879143000026 ], [ -111.654768911999952, 38.716751346000088 ], [ -111.656557825999982, 38.718422392000036 ], [ -111.663562475999981, 38.71885094900005 ], [ -111.668943792999983, 38.719631263000053 ], [ -111.689931456999943, 38.710263348000069 ], [ -111.695095036999987, 38.702307169000051 ], [ -111.697066518999975, 38.692612264000054 ], [ -111.696782322999979, 38.687607976000038 ], [ -111.703047457999958, 38.682434024000031 ], [ -111.701649845999953, 38.670745075000077 ], [ -111.704237907999982, 38.656820176000053 ], [ -111.709357679, 38.651589390000026 ], [ -111.722549349999952, 38.62924548400008 ], [ -111.740555557, 38.610537162000071 ], [ -111.74009016399998, 38.607016463000036 ], [ -111.74139848599998, 38.604858894000074 ], [ -111.739204762999989, 38.585803913000056 ], [ -111.746387512999945, 38.582005099000071 ], [ -111.747034639, 38.576089219000039 ], [ -111.744677035999985, 38.571476742000073 ], [ -111.749437629999989, 38.565624728000046 ], [ -111.76237783, 38.563135100000068 ], [ -111.771775397999988, 38.557914357000065 ], [ -111.767765671999939, 38.546455155000046 ], [ -111.765794901999982, 38.53380195200004 ], [ -111.762592133999988, 38.525874325000075 ], [ -111.778067707, 38.516265279000038 ], [ -111.78525030699997, 38.512522463000039 ], [ -111.794853600999943, 38.51523805000005 ], [ -111.798951598999963, 38.505725208000058 ], [ -111.800235869999938, 38.500268849000065 ], [ -111.806641253999942, 38.49627772100007 ], [ -111.813696000999983, 38.488686114000082 ], [ -111.814062181999986, 38.486124098000062 ], [ -111.818041715999982, 38.48387464700005 ], [ -111.819551232999984, 38.481602517000049 ], [ -111.815286221999941, 38.478387921000042 ], [ -111.81402006999997, 38.476634917000069 ], [ -111.810250044999975, 38.47713404700005 ], [ -111.816594869999975, 38.464968887000055 ], [ -111.821520717999988, 38.463343795000071 ], [ -111.829777182999976, 38.441909216000056 ], [ -111.833893449999948, 38.439951472000082 ], [ -111.837942839999982, 38.42895506900004 ], [ -111.846539767999957, 38.426239302000056 ], [ -111.849600704999943, 38.42223836900007 ], [ -111.849457088999941, 38.418535459000054 ], [ -111.854996833999962, 38.416291821000073 ], [ -111.862442287999954, 38.40427826400002 ], [ -111.862265798999942, 38.396988884000059 ], [ -111.862805875, 38.39151002400007 ], [ -111.859706878999987, 38.386481597000056 ], [ -111.861345799, 38.383977814000048 ], [ -111.860973895999962, 38.378582133000066 ], [ -111.872820229999945, 38.368657958000028 ], [ -111.88245001699994, 38.359713474000046 ], [ -111.882081539999959, 38.34495488500005 ], [ -111.885767341999951, 38.339767254000037 ], [ -111.889158131999977, 38.336267417000045 ], [ -111.889746338999942, 38.330774610000049 ], [ -111.888087182999982, 38.327241009000041 ], [ -111.891444981999939, 38.324750576000042 ], [ -111.894877314999988, 38.322778050000075 ], [ -111.893543601999966, 38.31865168000008 ], [ -111.89495360799998, 38.312976721000041 ], [ -111.888753324, 38.311753038000056 ], [ -111.89405906099995, 38.303998264000029 ], [ -111.892619188999959, 38.29026097000007 ], [ -111.889642562999938, 38.288949848000073 ], [ -111.886976953, 38.286068022000052 ], [ -111.881985657999977, 38.276579826000045 ], [ -111.882987670999967, 38.273462979000044 ], [ -111.879089347, 38.268796769000055 ], [ -111.87293743, 38.255594757000047 ], [ -111.873369324999942, 38.253334132000077 ], [ -111.868641691999983, 38.24865108300002 ], [ -111.863671378999982, 38.245001610000031 ], [ -111.859464211999978, 38.237060901000063 ], [ -111.852042624999967, 38.211226814000042 ], [ -111.850263544999962, 38.206431470000041 ], [ -111.85556418699997, 38.199809454000047 ], [ -111.860884199999987, 38.198644003000027 ], [ -111.86217142199996, 38.195768644000047 ], [ -111.86570851099998, 38.194282641000029 ], [ -111.867537150999965, 38.190506298000059 ], [ -111.875105094, 38.18422277500008 ], [ -111.881758968999975, 38.176453636000076 ], [ -111.883501481999986, 38.173701093000041 ], [ -111.880777488999968, 38.16245131200003 ], [ -111.88349304599997, 38.156716927000048 ], [ -111.883388796999952, 38.151927515000061 ], [ -111.887854108999989, 38.151988490000065 ], [ -111.892556289999959, 38.144954276000078 ], [ -111.891102055999966, 38.139932107000057 ], [ -111.892779746999963, 38.134520810000019 ], [ -111.889609822999944, 38.12977723400008 ], [ -111.884095614999978, 38.129030060000048 ], [ -111.870855216999985, 38.134946567000043 ], [ -111.86584795, 38.13727290700006 ], [ -111.864114914999959, 38.139624341000065 ], [ -111.860728683, 38.135039283000033 ], [ -111.85886881, 38.131592137000041 ], [ -111.850243925999962, 38.125805599000046 ], [ -111.848049639999957, 38.124046099000054 ], [ -111.84115004399996, 38.126510991000025 ], [ -111.838100906999955, 38.128840192000041 ], [ -111.833915408999985, 38.128049626000063 ], [ -111.834376361999944, 38.123603179000042 ], [ -111.831846113999973, 38.120894624000073 ], [ -111.827794128, 38.111730588000064 ], [ -111.829635493999945, 38.109279466000032 ], [ -111.825717143999952, 38.107490999000049 ], [ -111.813604316999943, 38.109612299000048 ], [ -111.807971944999963, 38.112719878000071 ], [ -111.80330797, 38.111611857000071 ], [ -111.803797649999979, 38.103416009000057 ], [ -111.800683097999979, 38.097475600000053 ], [ -111.802130418, 38.093518060000065 ], [ -111.793339921999973, 38.08812047300006 ], [ -111.776117036999949, 38.083598388000048 ], [ -111.770185805999972, 38.077657622000061 ], [ -111.75995383299994, 38.077823443000057 ], [ -111.752474313, 38.074396981000064 ], [ -111.744666876999986, 38.074415131000087 ], [ -111.738291324, 38.072341933000082 ], [ -111.735895723999988, 38.073037430000056 ], [ -111.727528182999947, 38.068420871000058 ], [ -111.716649857, 38.070236132000048 ], [ -111.714162256999941, 38.068772957000078 ], [ -111.719797487999983, 38.060221656000067 ], [ -111.712772334999954, 38.056681944000047 ], [ -111.718568707999964, 38.05043686700003 ], [ -111.723715331, 38.04740871000007 ], [ -111.721399838999957, 38.044182879000061 ], [ -111.714940212999977, 38.038868677000039 ], [ -111.714091262999943, 38.030194412000071 ], [ -111.71944095899994, 38.027174124000055 ], [ -111.715964576999966, 38.021521816000067 ], [ -111.718675097999949, 38.016169765000029 ], [ -111.725244960999987, 38.010447092000049 ], [ -111.727785876999988, 38.005118346000074 ], [ -111.732945882999957, 38.005063778000078 ], [ -111.73715608599997, 38.002103632000058 ], [ -111.736901930999977, 37.99872109800004 ], [ -111.730997732, 37.992944514000037 ], [ -111.728055139, 37.990322177000053 ], [ -111.728863943999954, 37.985265497000064 ], [ -111.731726398999967, 37.983093533000044 ], [ -111.726849514999969, 37.981429461000062 ], [ -111.730160909999938, 37.970688166000059 ], [ -111.72768704799995, 37.964574726000087 ], [ -111.734351562999962, 37.953916102000051 ], [ -111.739065575999987, 37.952399402000026 ], [ -111.741106736999939, 37.942765591000068 ], [ -111.745769428999949, 37.939455208000027 ], [ -111.754044283999974, 37.940745500000041 ], [ -111.759868255999947, 37.946471688000031 ], [ -111.764990531999956, 37.946934429000066 ], [ -111.767976903999966, 37.950051364000046 ], [ -111.774640226999963, 37.949227896000032 ], [ -111.778631445999963, 37.954167779000045 ], [ -111.784365949999938, 37.956098970000028 ], [ -111.784127828999942, 37.958069858000044 ], [ -111.784992126999953, 37.963791725000078 ], [ -111.792545915999938, 37.969689605000042 ], [ -111.797486425999978, 37.967582849000053 ], [ -111.801848949999965, 37.965953644000024 ], [ -111.805289776999984, 37.961824860000036 ], [ -111.815157356999975, 37.949508452000032 ], [ -111.82120761699997, 37.949506782000071 ], [ -111.826623146999964, 37.949491493000046 ], [ -111.831952608999984, 37.947606347000033 ], [ -111.835953212999982, 37.948524318000075 ], [ -111.841174789999982, 37.947319678000035 ], [ -111.845517227999963, 37.944170227000029 ], [ -111.863388311999984, 37.944698383000059 ], [ -111.862102758, 37.938881028000026 ], [ -111.866322231999959, 37.938561547000063 ], [ -111.868320118999975, 37.938794482000056 ], [ -111.868877721, 37.928962069000079 ], [ -111.878786278999939, 37.928946899000046 ], [ -111.881003392999958, 37.925874994000026 ], [ -111.877510441999959, 37.922967241000038 ], [ -111.874877762999972, 37.921590016000039 ], [ -111.876793515999964, 37.919299887000079 ], [ -111.892321242999969, 37.913951023000038 ], [ -111.892592563999983, 37.910686327000064 ], [ -111.888509314999965, 37.908193690000076 ], [ -111.883764308999957, 37.902276380000046 ], [ -111.878164032999962, 37.897582037000063 ], [ -111.87510926299997, 37.88104368300003 ], [ -111.873935199999949, 37.87786833500008 ], [ -111.876247681999985, 37.871005842000052 ], [ -111.873608177999984, 37.867859820000035 ], [ -111.876473491999946, 37.86379159300003 ], [ -111.875761454999989, 37.858968086000061 ], [ -111.881600504999938, 37.847687668000042 ], [ -111.878732, 37.843405223000047 ], [ -111.879929695999977, 37.835823332000082 ], [ -111.881121907999955, 37.833056305000071 ], [ -111.882194193999965, 37.814961465000067 ], [ -111.882171989999961, 37.813084276000041 ], [ -111.887818548999988, 37.810002299000075 ], [ -111.891925605999973, 37.802447677000039 ], [ -111.890143097999953, 37.797844111000074 ], [ -111.887911499999973, 37.796781718000034 ], [ -111.886305212999957, 37.788828670000051 ], [ -111.88259058999995, 37.784072904000027 ], [ -111.881121572999973, 37.772443381000073 ], [ -111.878361607999977, 37.765568998000049 ], [ -111.873453790999989, 37.765260693000073 ], [ -111.871079438999971, 37.761902925000079 ], [ -111.875921571, 37.754532600000061 ], [ -111.869484475999968, 37.749345773000073 ], [ -111.864166012999988, 37.748866821000036 ], [ -111.86410712299994, 37.744506831000024 ], [ -111.86831753599995, 37.740384036000087 ], [ -111.869542531, 37.73498489800005 ], [ -111.874702891999959, 37.728846900000065 ], [ -111.87704991399994, 37.72866281000006 ], [ -111.878992817999972, 37.730135581000063 ], [ -111.881903343999966, 37.729361228000073 ], [ -111.890853399999969, 37.733171693000031 ], [ -111.906589744999977, 37.72979330000004 ], [ -111.920820979999974, 37.721460449000062 ], [ -111.926267207999956, 37.720106381000051 ], [ -111.938391091999961, 37.715012774000058 ], [ -111.942417029999945, 37.715437546000032 ], [ -111.945396069999958, 37.719395445000032 ], [ -111.951954132999958, 37.723403052000037 ], [ -111.955247080999982, 37.722301438000045 ], [ -111.954272157, 37.720470415000079 ], [ -111.956848687, 37.719870672000077 ], [ -111.960764623999978, 37.716233565000039 ], [ -111.962619341999982, 37.711845114000027 ], [ -111.977268586999969, 37.715761793000077 ], [ -111.981778959999986, 37.710638774000074 ], [ -111.982532065999976, 37.707894755000041 ], [ -111.989631337, 37.704263876000027 ], [ -111.992233497999962, 37.712892246000024 ], [ -111.996977433999973, 37.714237940000039 ], [ -112.001626743999964, 37.710487466000075 ], [ -112.007883326999945, 37.713050138000028 ], [ -112.00699962799996, 37.717088621000073 ], [ -112.013189899999986, 37.71763039800004 ], [ -112.01595212999996, 37.722356540000071 ], [ -112.018827964999957, 37.723819058000061 ], [ -112.022196044999987, 37.728158754000049 ], [ -112.022796324999945, 37.732184721000067 ], [ -112.030344359999958, 37.732529175000032 ], [ -112.035469883999966, 37.738763940000069 ], [ -112.040818240999954, 37.737637412000026 ], [ -112.047075774999939, 37.737196784000055 ], [ -112.050486651999961, 37.735122750000073 ], [ -112.055781630999945, 37.733937274000027 ], [ -112.06447622099995, 37.725765296000077 ], [ -112.06569263199998, 37.722559312000044 ], [ -112.069739907999974, 37.722042658000085 ], [ -112.07473441999997, 37.713200606000044 ], [ -112.079453349999937, 37.712188309000055 ], [ -112.086624624999956, 37.710795079000036 ], [ -112.089104385999974, 37.701948468000069 ], [ -112.091800809999938, 37.69172960800006 ], [ -112.105681929999946, 37.698720577000074 ], [ -112.107317273999968, 37.699507328000038 ], [ -112.111468081999988, 37.699472757000088 ], [ -112.114777123999943, 37.694117041000034 ], [ -112.124345518999974, 37.690423250000038 ], [ -112.125763781, 37.686687111000033 ], [ -112.127642906999938, 37.686401217000025 ], [ -112.128992206999953, 37.688943505000054 ], [ -112.135753282999985, 37.68582308100008 ], [ -112.13660565899994, 37.682910262000064 ], [ -112.141557404999958, 37.679471252000042 ], [ -112.137765922999961, 37.672360685000058 ], [ -112.139684534999958, 37.661328013000059 ], [ -112.140057719999973, 37.65798729100004 ], [ -112.145676381999976, 37.651680106000065 ], [ -112.148179716999948, 37.645954959000051 ], [ -112.15821279, 37.646068594000042 ], [ -112.161259511999972, 37.642374657000062 ], [ -112.163429598, 37.642312726000057 ], [ -112.164689579999958, 37.634882709000067 ], [ -112.163072593999971, 37.628163567000051 ], [ -112.170837440999946, 37.62109257600008 ], [ -112.16889107999998, 37.609996276000061 ], [ -112.160643254999968, 37.603568034000034 ], [ -112.15880483799998, 37.603155779000083 ], [ -112.158016955, 37.604001628000049 ], [ -112.153438869999945, 37.597575114000051 ], [ -112.158026937999978, 37.59460978300006 ], [ -112.161563758999989, 37.59675188500006 ], [ -112.166308557999969, 37.596704588000087 ], [ -112.175580090999986, 37.596928522000042 ], [ -112.178984768999953, 37.593016401000064 ], [ -112.178426868999978, 37.588357938000058 ], [ -112.184020198999974, 37.585093243000074 ], [ -112.188155301999984, 37.588857336000039 ], [ -112.191876540999942, 37.593693776000066 ], [ -112.202914696999983, 37.592752529000052 ], [ -112.207132650999938, 37.586747359000071 ], [ -112.220773146999989, 37.588152658000077 ], [ -112.230803805999983, 37.588735531000054 ], [ -112.235457437999969, 37.585480670000038 ], [ -112.235073166999953, 37.581602195000073 ], [ -112.231747108, 37.576161691000031 ], [ -112.241426097999977, 37.561407006000024 ], [ -112.245163098999967, 37.553172594000046 ], [ -112.246754067, 37.545113478000083 ], [ -112.254716234999989, 37.536390396000066 ], [ -112.259027558999946, 37.53518402800006 ], [ -112.259738790999961, 37.531902314000035 ], [ -112.260986792999972, 37.528624119000028 ], [ -112.25997926499997, 37.521410495000055 ], [ -112.264498757999945, 37.518128961000059 ], [ -112.264656917999957, 37.511879085000032 ], [ -112.262202456999944, 37.505514858000026 ], [ -112.259650482999973, 37.499016640000029 ], [ -112.255195838999953, 37.493236747000019 ], [ -112.24966169399994, 37.481237735000036 ], [ -112.240123816, 37.475416239000026 ], [ -112.245366044999969, 37.46933578800008 ], [ -112.250384667999981, 37.469224089000079 ], [ -112.252091386999965, 37.464102261000058 ], [ -112.251982578999957, 37.463105076000033 ], [ -112.258393952999938, 37.46355750400005 ], [ -112.263352791999978, 37.460703544000069 ], [ -112.263137081999957, 37.449452868000037 ], [ -112.266836384999976, 37.443836053000041 ], [ -112.267832974999976, 37.442002435000056 ], [ -112.271301994999988, 37.440721083000028 ], [ -112.274055134999969, 37.445380647000036 ], [ -112.283134442999938, 37.446348328000056 ], [ -112.28655434999996, 37.445252049000032 ], [ -112.287611467999966, 37.443145085000033 ], [ -112.292296244999989, 37.442877518000039 ], [ -112.300963983999964, 37.44211556300008 ], [ -112.309827913, 37.445841598000072 ], [ -112.314888495, 37.436170355000058 ], [ -112.315947073999965, 37.431931272000043 ], [ -112.317904966999947, 37.424881174000063 ], [ -112.321586895999985, 37.421611024000072 ], [ -112.328584719, 37.409677814000069 ], [ -112.316049023999938, 37.398715745000061 ], [ -112.315748258999974, 37.396560143000045 ], [ -112.31149469199994, 37.395149391000075 ], [ -112.31463383, 37.386457214000075 ], [ -112.315611523999962, 37.383091071000024 ], [ -112.307000708999965, 37.382753917000066 ], [ -112.30023605599996, 37.378540049000037 ], [ -112.299618580999947, 37.372460434000061 ], [ -112.295478142999968, 37.367404171000032 ], [ -112.297520197999972, 37.362780579000052 ], [ -112.29773414899995, 37.359537728000085 ], [ -112.301377391999949, 37.353400117000035 ], [ -112.298459743999956, 37.34497285500003 ], [ -112.300811744, 37.34270728100006 ], [ -112.30648697099997, 37.341236476000063 ], [ -112.307050799999956, 37.33755448800008 ], [ -112.311607307999964, 37.336071226000058 ], [ -112.315889127999981, 37.33083883200004 ], [ -112.315119749999951, 37.325981977000033 ], [ -112.305982654, 37.323090735000051 ], [ -112.304020974999958, 37.325086387000063 ], [ -112.298040066999988, 37.326632711000059 ], [ -112.279598919999955, 37.314295294000033 ], [ -112.277781872, 37.309427472000039 ], [ -112.284907100999988, 37.300904424000073 ], [ -112.286532250999983, 37.293116837000071 ], [ -112.287232127999971, 37.289578080000069 ], [ -112.281387801, 37.283920137000052 ], [ -112.276955151999971, 37.274573324000073 ], [ -112.27545138499994, 37.271324245000081 ], [ -112.276085130999945, 37.268063602000041 ], [ -112.275281808999978, 37.264076707000079 ], [ -112.277337693, 37.262109961000078 ], [ -112.268792647999987, 37.253746685000074 ], [ -112.267456461999984, 37.251949335000063 ], [ -112.255633757999988, 37.246229734000053 ], [ -112.253719911999966, 37.245357510000076 ], [ -112.250073358999941, 37.247322705000045 ], [ -112.240683627999942, 37.243683186000055 ], [ -112.232105802, 37.23070537600006 ], [ -112.232753196999965, 37.22300785200008 ], [ -112.239307770999972, 37.217229359000036 ], [ -112.238999018999948, 37.214447402000076 ], [ -112.223645007999949, 37.205514543000049 ], [ -112.218183968999938, 37.200879626000074 ], [ -112.216583611999965, 37.18799974600006 ], [ -112.208519132, 37.18411405900008 ], [ -112.204636423999958, 37.180538616000035 ], [ -112.204763172999947, 37.172378024000061 ], [ -112.203188743999988, 37.164284069000075 ], [ -112.210831938999945, 37.157265681000069 ], [ -112.212803688999941, 37.148729877000044 ], [ -112.219624268999951, 37.142183603000035 ], [ -112.220646726999973, 37.13834678500006 ], [ -112.224433282999939, 37.135119152000073 ], [ -112.223511108999958, 37.125524576000032 ], [ -112.219971812, 37.115069095000024 ], [ -112.222199605999947, 37.112305985000035 ], [ -112.20912349799994, 37.108095408000047 ], [ -112.203325664, 37.109006172000079 ], [ -112.198711440999944, 37.103840694000041 ], [ -112.196981328, 37.103873941000067 ], [ -112.19249627399995, 37.098510858000054 ], [ -112.187565924999944, 37.095914777000075 ], [ -112.184325915999977, 37.082588717000078 ], [ -112.18535333899996, 37.07913968500003 ], [ -112.17090103299995, 37.070478915000031 ], [ -112.170166206999966, 37.066993296000085 ], [ -112.163708507999957, 37.067291153000042 ], [ -112.157678056999941, 37.064781177000043 ], [ -112.154911657999946, 37.065218261000041 ], [ -112.145220001999974, 37.059847498000067 ], [ -112.133170133999968, 37.05221568800004 ], [ -112.128734351, 37.04935771400006 ], [ -112.124703837999959, 37.046101371000077 ], [ -112.118437662999952, 37.044927909000087 ], [ -112.116325531999962, 37.033856101000026 ], [ -112.104839745, 37.024151787000051 ], [ -112.100598654999942, 37.013439691000023 ], [ -112.103505203999987, 37.013054444000026 ], [ -112.106995606999988, 37.013488361000043 ], [ -112.11076841299996, 37.012076276000073 ], [ -112.116243357999963, 37.01115062700007 ], [ -112.118013320999978, 37.00611079600003 ], [ -112.120614061999959, 36.991537523000034 ], [ -112.115718378999986, 36.968940778000047 ], [ -112.112041211999951, 36.959724651000045 ], [ -112.115210500999979, 36.955440825000039 ], [ -112.12571999, 36.95115811900007 ], [ -112.128418126999989, 36.939547174000047 ], [ -112.125567114, 36.933991049000042 ], [ -112.124673845999951, 36.914627575000054 ], [ -112.117607981, 36.908357132000042 ], [ -112.12066931399994, 36.895257968000074 ], [ -112.117698117999964, 36.890137682000045 ], [ -112.116550513999982, 36.873058861000061 ], [ -112.115059036, 36.864354536000057 ], [ -112.112004351999985, 36.860870433000059 ], [ -112.10581921499994, 36.862227081000071 ], [ -112.100228722999987, 36.861139050000077 ], [ -112.095197943999949, 36.862301069000068 ], [ -112.087136060999967, 36.853763231000073 ], [ -112.078994536999971, 36.851139054000043 ], [ -112.074836625999978, 36.847773872000069 ], [ -112.052156841999988, 36.842862770000067 ], [ -112.049089243999958, 36.831864905000032 ], [ -112.042303133999951, 36.825633779000043 ], [ -112.040943187999972, 36.820571971000042 ], [ -112.039754914999946, 36.816713445000062 ], [ -112.042198815999939, 36.810570014000064 ], [ -112.03825044599995, 36.808719862000039 ], [ -112.03624941399994, 36.800850774000025 ], [ -112.031380543999944, 36.794757538000056 ], [ -112.028974329, 36.786343825000074 ], [ -112.022356658999968, 36.779744669000017 ], [ -112.021553805999986, 36.773790707000046 ], [ -112.015238423999961, 36.766973184000051 ], [ -112.005659468999966, 36.762135557000079 ], [ -112.000536303, 36.763285034000035 ], [ -111.995307036999975, 36.760831702000075 ], [ -111.982481211999982, 36.761951917000033 ], [ -111.977147593999973, 36.76361769600004 ], [ -111.970819842999958, 36.763189540000049 ], [ -111.965521668999941, 36.764178395000044 ], [ -111.948157429, 36.763449125000079 ], [ -111.937533592999955, 36.759766066000047 ], [ -111.934256485, 36.759558874000049 ], [ -111.932284183999968, 36.768482884000036 ], [ -111.920335549999947, 36.768172270000036 ], [ -111.907858542999975, 36.762034564000025 ], [ -111.90845057599995, 36.758280883000054 ], [ -111.905284319999978, 36.754204115000057 ], [ -111.903625688999966, 36.750417386000038 ], [ -111.903398332999984, 36.74766881100004 ], [ -111.900988734999942, 36.744847505000052 ], [ -111.894633644999942, 36.743986346000042 ], [ -111.890295801999969, 36.739433991000055 ], [ -111.880861320999941, 36.737299993000086 ], [ -111.876080636999973, 36.739355642000078 ], [ -111.868424671999946, 36.738453689000046 ], [ -111.862998951999955, 36.731324924000035 ], [ -111.855705345, 36.727456137000054 ], [ -111.847248286999957, 36.720592356000054 ], [ -111.844201732999977, 36.718649232000082 ], [ -111.832642773999964, 36.718709040000071 ], [ -111.829176642999983, 36.721059129000025 ], [ -111.830695530999947, 36.724325072000056 ], [ -111.820665607999956, 36.727005178000063 ], [ -111.813168927, 36.725200236000035 ], [ -111.809396009999958, 36.732497041000045 ], [ -111.807143947999975, 36.738958441000086 ], [ -111.802816721999989, 36.743975826000053 ], [ -111.80023977899998, 36.749459097000056 ], [ -111.792368284999952, 36.75698858700008 ], [ -111.794692205, 36.760924590000059 ], [ -111.792855713999984, 36.763928215000078 ], [ -111.790924355999948, 36.766473931000064 ], [ -111.788045070999942, 36.771055316000059 ], [ -111.783877948999987, 36.770092530000063 ], [ -111.773910210999986, 36.784348219000037 ], [ -111.769939341999986, 36.784909830000061 ], [ -111.764950540999962, 36.793334372000061 ], [ -111.759325529999956, 36.801644416000045 ], [ -111.755055673999948, 36.802710872000041 ], [ -111.751410562, 36.809887478000071 ], [ -111.742424656999958, 36.817103847000062 ], [ -111.741024399999972, 36.821837917000039 ], [ -111.729135066999959, 36.824648195000066 ], [ -111.711651099999983, 36.834342222000032 ], [ -111.703335481999943, 36.84681903000007 ], [ -111.690656297999965, 36.851151727000058 ], [ -111.689308895999943, 36.854706012000065 ], [ -111.684689650999985, 36.855498 ], [ -111.677370272999951, 36.851914966000038 ], [ -111.674248094999939, 36.861590345000025 ], [ -111.672271490999947, 36.868070412000058 ], [ -111.659525085999974, 36.886278364000077 ], [ -111.653799815999946, 36.888306988000068 ], [ -111.641490258, 36.880691857000052 ], [ -111.637209538999969, 36.879180807000068 ], [ -111.634928907999949, 36.874951873000043 ], [ -111.633784202999948, 36.872396112000047 ], [ -111.628390202, 36.868443931000058 ], [ -111.619007240999963, 36.867250639000076 ], [ -111.604323897999961, 36.858738828000071 ], [ -111.599216807999937, 36.860659776000027 ], [ -111.592634080999972, 36.865204390000031 ], [ -111.590641408999943, 36.86585904400004 ], [ -111.588027771999975, 36.864231723000046 ], [ -111.595516926999949, 36.854658593000067 ], [ -111.590694601999985, 36.84735479600004 ], [ -111.587531770999988, 36.835091960000057 ], [ -111.589797010999973, 36.827859599000071 ], [ -111.586689735, 36.816564898000024 ], [ -111.588901680999982, 36.809003585000021 ], [ -111.590187644999958, 36.799289151000039 ], [ -111.593120751999948, 36.788966458000054 ], [ -111.593397774999971, 36.775469631000078 ], [ -111.594062693999945, 36.763539320000064 ], [ -111.60433510699994, 36.750304868000065 ], [ -111.607282723999958, 36.745138249000036 ], [ -111.603871234999986, 36.741202817000044 ], [ -111.60789716799998, 36.734598928000025 ], [ -111.61446198699997, 36.719900290000055 ], [ -111.614949643999978, 36.713122564000059 ], [ -111.619662663999975, 36.709837145000058 ], [ -111.618292288999953, 36.704942307000067 ], [ -111.624193850999973, 36.705292664000069 ], [ -111.628453498999988, 36.703520922000045 ], [ -111.63269125, 36.698625250000077 ], [ -111.631231929999956, 36.697575086000029 ], [ -111.626692256999945, 36.697431996000034 ], [ -111.626007282999979, 36.689892359000055 ], [ -111.628477079, 36.687331145000037 ], [ -111.624468047999983, 36.682156360000079 ], [ -111.617519988999959, 36.661402055000046 ], [ -111.608915323999952, 36.658822848000057 ], [ -111.603542985999979, 36.660224231000029 ], [ -111.601806025999963, 36.655932491000044 ], [ -111.596818801999973, 36.648201353000054 ], [ -111.588809936999951, 36.647054237000077 ], [ -111.587344863999988, 36.642290429000077 ], [ -111.584999334999964, 36.640196761000027 ], [ -111.581162619999986, 36.631461612000066 ], [ -111.571169036999947, 36.632922031000078 ], [ -111.568876758999977, 36.635429736000056 ], [ -111.56233666199995, 36.632481074000054 ], [ -111.560294891999945, 36.632057855000028 ], [ -111.558207289999984, 36.626692435000052 ], [ -111.555753445999983, 36.620542945000068 ], [ -111.560610763999989, 36.612563331000047 ], [ -111.562673430999965, 36.605631649000031 ], [ -111.567413341999952, 36.603653453000049 ], [ -111.575356148999958, 36.598402780000072 ], [ -111.578106006999974, 36.597669729000081 ], [ -111.57577755799997, 36.591923505000068 ], [ -111.579668291999951, 36.589571574000047 ], [ -111.57732187, 36.588007178000055 ], [ -111.570916109999985, 36.586564533000058 ], [ -111.568189127999972, 36.58843990400004 ], [ -111.56236965, 36.58692591300008 ], [ -111.562140219999947, 36.578938489000045 ], [ -111.564627245999986, 36.576750700000048 ], [ -111.560392570999966, 36.570109225000067 ], [ -111.563317407999989, 36.567413706000032 ], [ -111.560007117999987, 36.558902299000067 ], [ -111.557093777999967, 36.55767664900003 ], [ -111.559509089999949, 36.549622470000038 ], [ -111.561934632999964, 36.537802510000063 ], [ -111.56146341799996, 36.532258596000077 ], [ -111.557856825999977, 36.529556707000033 ], [ -111.553324286999953, 36.528816354000071 ], [ -111.549161346999938, 36.527849062000037 ], [ -111.539126233, 36.548155715000064 ], [ -111.52879957, 36.552867368000086 ], [ -111.527705407999989, 36.559718 ], [ -111.523701158999984, 36.567985761000045 ], [ -111.513817935999953, 36.576087452000024 ], [ -111.512751182999978, 36.581851735000043 ], [ -111.509507940999981, 36.584671814000046 ], [ -111.505511989999945, 36.59125879100003 ], [ -111.492846780999969, 36.598600890000057 ], [ -111.488249200999974, 36.599526242000024 ], [ -111.48711305999997, 36.603717323000076 ], [ -111.481837643999938, 36.606340731000046 ], [ -111.478135146999989, 36.608630855000058 ], [ -111.478371238999955, 36.611221518000036 ], [ -111.477265081999974, 36.613893652000066 ], [ -111.47733749799994, 36.618203216000047 ], [ -111.47579516899998, 36.621138167000026 ], [ -111.468829693999965, 36.622855260000051 ], [ -111.454360897999948, 36.628657636000064 ], [ -111.448591988999965, 36.628648729000076 ], [ -111.440524497999945, 36.627673797000064 ], [ -111.436778465999964, 36.628082210000059 ], [ -111.427553994, 36.623663329000067 ], [ -111.424850803999959, 36.618007399000078 ], [ -111.426055524999981, 36.617300228000033 ], [ -111.423427895999964, 36.615157664000037 ], [ -111.420758663999948, 36.608132015000024 ], [ -111.416231529999948, 36.599663773000032 ], [ -111.40996208699994, 36.599858103000031 ], [ -111.406656848999958, 36.596607818000052 ], [ -111.399919206, 36.597906930000086 ], [ -111.396874605, 36.594698644000069 ], [ -111.39280045199996, 36.587411746000043 ], [ -111.392850494999962, 36.582226111000068 ], [ -111.388401663999957, 36.576222931000068 ], [ -111.38765, 36.569615618000064 ], [ -111.384116491999976, 36.563060465000035 ], [ -111.382150994999961, 36.558495606000072 ], [ -111.379519241999958, 36.554479955000033 ], [ -111.378477454999938, 36.55085782700008 ], [ -111.376017721999972, 36.541610684000034 ], [ -111.373327342999971, 36.538283432000071 ], [ -111.373324284999967, 36.531291335000049 ], [ -111.370924566, 36.524738340000056 ], [ -111.367215226999974, 36.520500917000049 ], [ -111.361694197999952, 36.524378223000042 ], [ -111.355976667, 36.523490412000058 ], [ -111.35354370999994, 36.533316412000033 ], [ -111.349631698999985, 36.536712711000064 ], [ -111.344553728999983, 36.537641719000078 ], [ -111.34187553199996, 36.540618351000035 ], [ -111.339671965999969, 36.535544535000042 ], [ -111.337154130999977, 36.529867216000071 ], [ -111.335507227999983, 36.528685910000036 ], [ -111.336689508999939, 36.525623530000075 ], [ -111.332319216999963, 36.517473454000026 ], [ -111.328159573, 36.516699398000071 ], [ -111.330828833999988, 36.510533086000066 ], [ -111.326729997999976, 36.509268475000056 ], [ -111.323293279999987, 36.501333636000027 ], [ -111.313628525999945, 36.511561077000067 ], [ -111.311920683, 36.515229815000062 ], [ -111.314375477999988, 36.515877680000074 ], [ -111.314422543999981, 36.522494437000034 ], [ -111.312327234999941, 36.527489693000071 ], [ -111.304999885999962, 36.530917208000062 ], [ -111.301602660999947, 36.530125934000061 ], [ -111.298840007999971, 36.518027926000059 ], [ -111.288060348, 36.518536908000044 ], [ -111.286002308999969, 36.519340197000076 ], [ -111.284449430999985, 36.523142202000038 ], [ -111.283475813999985, 36.525449578000064 ], [ -111.283980322, 36.527862718000051 ], [ -111.287205181, 36.528460264000046 ], [ -111.288753607, 36.53609719800005 ], [ -111.282357450999939, 36.538859314000035 ], [ -111.280125047999945, 36.537964911000081 ], [ -111.278553577999972, 36.534999541000047 ], [ -111.27376469099994, 36.53358740300007 ], [ -111.266980669999953, 36.529570552000045 ], [ -111.262082675999977, 36.531724308000037 ], [ -111.260122992999982, 36.539736013000038 ], [ -111.255127879, 36.540984001000027 ], [ -111.252967787999978, 36.539964045000033 ], [ -111.24883521199996, 36.541776064000032 ], [ -111.245469980999985, 36.540127204000044 ], [ -111.243840156999966, 36.537279519000037 ], [ -111.23882092499997, 36.538159077000046 ], [ -111.232946800999969, 36.535387395000051 ], [ -111.227065490999962, 36.537392886000077 ], [ -111.22123370199995, 36.536211294000054 ], [ -111.215549827999951, 36.53509891900007 ], [ -111.207923699999981, 36.532425305000061 ], [ -111.204534036, 36.534947531000057 ], [ -111.198200834, 36.533514314000058 ], [ -111.193611013999941, 36.535948817000083 ], [ -111.188019496999971, 36.535802614000033 ], [ -111.186290694, 36.540867004000063 ], [ -111.182859983999947, 36.542068647000065 ], [ -111.179717209999978, 36.538961254000064 ], [ -111.179505571, 36.536167485000071 ], [ -111.174189840999986, 36.536582816000077 ], [ -111.17225738999997, 36.534352263000066 ], [ -111.162530210999989, 36.538458724000066 ], [ -111.157404179999958, 36.544733114000053 ], [ -111.154263140999944, 36.54294902100002 ], [ -111.151983036, 36.541198904000062 ], [ -111.149247759, 36.544892101000073 ], [ -111.148153971999989, 36.547959388000038 ], [ -111.146721949999971, 36.548718813000058 ], [ -111.144473533999985, 36.549704242000075 ], [ -111.14638211, 36.531853658000045 ], [ -111.147797505999961, 36.525314124000033 ], [ -111.138345295999954, 36.523819812000056 ], [ -111.134708287999956, 36.526317897000077 ], [ -111.128266575999987, 36.523282574000064 ], [ -111.120125085999973, 36.526737461000039 ], [ -111.11167960299997, 36.518995178000068 ], [ -111.108395445999975, 36.513957550000043 ], [ -111.103665434999982, 36.509708910000029 ], [ -111.101997198, 36.508300314000053 ], [ -111.099741506999976, 36.508208145000026 ], [ -111.094975299999987, 36.502872169000057 ], [ -111.084820875999981, 36.499011087000042 ], [ -111.075683019999985, 36.501290701000073 ], [ -111.073514496999962, 36.49908730900006 ], [ -111.05857869, 36.502195884000059 ], [ -111.05174249099997, 36.503257086000069 ], [ -111.042579562999947, 36.507071212000028 ], [ -111.035983588999954, 36.514169105000065 ], [ -111.024563498999953, 36.517139015000055 ], [ -111.017818103999957, 36.523037423000062 ], [ -111.008376084999952, 36.525975800000033 ], [ -111.009970975999977, 36.529295859000058 ], [ -111.003627627999947, 36.534566360000042 ], [ -111.000631049999981, 36.534774513000059 ], [ -110.997872217999941, 36.527974436000079 ], [ -110.993110311999942, 36.526669519000052 ], [ -110.983690786999958, 36.53256113600002 ], [ -110.967380925999976, 36.537776522000065 ], [ -110.962319002999948, 36.539037219000079 ], [ -110.955970918, 36.545884670000078 ], [ -110.954720604999977, 36.550011096000048 ], [ -110.944969352999976, 36.556931076000069 ], [ -110.94030159, 36.557896675000052 ], [ -110.934113390999983, 36.568912499000078 ], [ -110.932460091999985, 36.579749666000055 ], [ -110.932915635999962, 36.581600669000068 ], [ -110.929628937999951, 36.589004059000047 ], [ -110.923950667999989, 36.590171637000026 ], [ -110.91824048999996, 36.591745712000034 ], [ -110.907444307, 36.58980176700004 ], [ -110.89891516199998, 36.589816064000047 ], [ -110.885117183999967, 36.585180450000053 ], [ -110.871981413999947, 36.584700997000027 ], [ -110.861344533999969, 36.593517123000026 ], [ -110.855754980999961, 36.591886726000041 ], [ -110.852970586999973, 36.594932288000052 ], [ -110.854707369, 36.597323952000067 ], [ -110.845972056999983, 36.603247970000048 ], [ -110.835202677999973, 36.605622994000043 ], [ -110.829047501, 36.605068423000034 ], [ -110.82051960299998, 36.605427203000026 ], [ -110.810481921999951, 36.601537607000068 ], [ -110.804284438999957, 36.60957766100006 ], [ -110.804870362999964, 36.617274351000049 ], [ -110.803304379999986, 36.622911275000035 ], [ -110.799066314999948, 36.630001306000054 ], [ -110.79720759099996, 36.635604776000044 ], [ -110.797011020999946, 36.644133262000025 ], [ -110.784559380999966, 36.650357664000069 ], [ -110.774399922999976, 36.659098193000034 ], [ -110.762937078, 36.664298664000057 ], [ -110.757063306999953, 36.669390546000045 ], [ -110.752322140999979, 36.668765361000062 ], [ -110.750369584999987, 36.673136902000074 ], [ -110.743550217999939, 36.675255375000063 ], [ -110.73706316, 36.683950006000032 ], [ -110.726715127999967, 36.683408825000065 ], [ -110.724737810999954, 36.696944128000041 ], [ -110.713873554999964, 36.702285016000076 ], [ -110.704356558999962, 36.714122303000075 ], [ -110.697828515999959, 36.721781041000042 ], [ -110.689902184999951, 36.731303640000078 ], [ -110.68922050599997, 36.735521958000049 ], [ -110.682257516999982, 36.744480276000054 ], [ -110.678628111999956, 36.747211442000037 ], [ -110.675758893999955, 36.760677271000077 ], [ -110.67562496, 36.76482386400005 ], [ -110.669591712999988, 36.777134967000052 ], [ -110.66360636099995, 36.780903809000051 ], [ -110.658442150999974, 36.785458123000069 ], [ -110.643452728999989, 36.791663871000026 ], [ -110.640813638999987, 36.784495364000065 ], [ -110.639185965999957, 36.78026477100007 ], [ -110.635658406999937, 36.779323827000042 ], [ -110.625940280999956, 36.778729272000078 ], [ -110.620504651999966, 36.774109869000029 ], [ -110.610116886999947, 36.774651324000047 ], [ -110.607316632999982, 36.777681965000063 ], [ -110.605228131999979, 36.778609016000075 ], [ -110.602763193999976, 36.785395884000032 ], [ -110.594451201999959, 36.791316380000069 ], [ -110.592842545999986, 36.793323257000061 ], [ -110.578284099999962, 36.794634041000059 ], [ -110.574995898999987, 36.791355730000078 ], [ -110.576175209999974, 36.782308993000079 ], [ -110.574556116999986, 36.777994522000036 ], [ -110.56251389199997, 36.769995408000057 ], [ -110.568683868, 36.766251871000065 ], [ -110.572439520999978, 36.761626284000045 ], [ -110.573465350999982, 36.755573019000053 ], [ -110.576338388999943, 36.750468659000035 ], [ -110.58323169199997, 36.743198117000077 ], [ -110.586832446999949, 36.740716822000024 ], [ -110.584724708999943, 36.730859971000029 ], [ -110.580020017999971, 36.727961331000081 ], [ -110.575748892999968, 36.721365019000082 ], [ -110.573895729999947, 36.718752280000047 ], [ -110.564364778999959, 36.714487037000026 ], [ -110.561581770999965, 36.707847962000081 ], [ -110.56254557699998, 36.704522236000059 ], [ -110.554285912999944, 36.70122282400007 ], [ -110.550771760999979, 36.70027520800005 ], [ -110.555290319, 36.687341780000054 ], [ -110.552248476, 36.684506383000041 ], [ -110.544876664999947, 36.68582998100004 ], [ -110.541652366, 36.686828203000061 ], [ -110.542381418, 36.678394871000073 ], [ -110.538553527999966, 36.675838247000051 ], [ -110.540543007999986, 36.670884655000066 ], [ -110.532876415999965, 36.671336573000076 ], [ -110.528647565999961, 36.672015700000031 ], [ -110.522643906999974, 36.666271833000053 ], [ -110.522959370999956, 36.662735281000039 ], [ -110.518115787999989, 36.662367540000048 ], [ -110.51885170099996, 36.658167860000049 ], [ -110.513703677999956, 36.656748126000025 ], [ -110.515291936999972, 36.650058521000062 ], [ -110.514936192, 36.643414247000067 ], [ -110.512441710999951, 36.636240848000057 ], [ -110.510967118999986, 36.631298332000028 ], [ -110.508617293999976, 36.619528350000053 ], [ -110.509389431999978, 36.617247727000056 ], [ -110.502875896999967, 36.614074038000076 ], [ -110.498450971999944, 36.605141201000038 ], [ -110.494364656999949, 36.589304653000056 ], [ -110.49140091299995, 36.579536358000041 ], [ -110.503325411999981, 36.554792453000061 ], [ -110.501943425999968, 36.554024286000079 ], [ -110.496493365999982, 36.554095417000042 ], [ -110.488627777999966, 36.548263079000037 ], [ -110.476433032, 36.552649320000057 ], [ -110.469675866999978, 36.564014843000052 ], [ -110.456762772, 36.598579121000064 ], [ -110.450261835999981, 36.614370817000065 ], [ -110.443218658999967, 36.619389790000071 ], [ -110.431133040999967, 36.626806708000061 ], [ -110.426562593999961, 36.62967933300007 ], [ -110.420166667, 36.634403246000034 ], [ -110.41421348199998, 36.636960571000024 ], [ -110.403280391999957, 36.647703238000076 ], [ -110.397754426999938, 36.650685741000075 ], [ -110.390215051999974, 36.647676276000034 ], [ -110.37872078099997, 36.650135183000032 ], [ -110.375566487999947, 36.651928719000068 ], [ -110.359879425999964, 36.646160914000056 ], [ -110.351660736999975, 36.64909268100007 ], [ -110.340951106999967, 36.65308585300005 ], [ -110.331370401999948, 36.660314428000042 ], [ -110.329475228999968, 36.660838309000042 ], [ -110.312045226999942, 36.647818220000033 ], [ -110.307061695999948, 36.643615456000077 ], [ -110.300197499999967, 36.646223612000036 ], [ -110.290159170999971, 36.645879243000024 ], [ -110.28539042899996, 36.643724112000029 ], [ -110.279742926999972, 36.648049932000049 ], [ -110.278125845999966, 36.650737263000053 ], [ -110.265952680999987, 36.650950093000063 ], [ -110.26113274899997, 36.650913631000037 ], [ -110.25837207099994, 36.646934033000036 ], [ -110.257208395999953, 36.639451762000085 ], [ -110.250036965, 36.630922674000033 ], [ -110.244503749999978, 36.625358009000024 ], [ -110.242146346999959, 36.620347182000046 ], [ -110.24154503799997, 36.615744844000062 ], [ -110.243226732999972, 36.613124548000037 ], [ -110.241523443999938, 36.611316192000061 ], [ -110.24148841899995, 36.604937149000079 ], [ -110.23602415, 36.59491511300007 ], [ -110.227685274999942, 36.590101130000043 ], [ -110.208583158999943, 36.585916261000079 ], [ -110.20606640699998, 36.575903370000049 ], [ -110.204340038999987, 36.570483784000032 ], [ -110.208957404999978, 36.565383500000053 ], [ -110.212179548999984, 36.554872435000043 ], [ -110.214025984999978, 36.551978765000065 ], [ -110.212147287999983, 36.547393771000031 ], [ -110.215255000999946, 36.539749346000065 ], [ -110.214670152999986, 36.534567969000086 ], [ -110.21363755, 36.528397750000074 ], [ -110.208689668999966, 36.530110237000031 ], [ -110.199310850999964, 36.527368736000028 ], [ -110.195646742999941, 36.513670035000075 ], [ -110.184364715999948, 36.517406761000075 ], [ -110.185398895, 36.509507857000074 ], [ -110.177788994999958, 36.499271994000033 ], [ -110.173350339999956, 36.497914997000073 ], [ -110.171851259999983, 36.491305715000067 ], [ -110.158015751, 36.484735656000055 ], [ -110.150229589, 36.484257368000044 ], [ -110.139960136999946, 36.476757923000036 ], [ -110.129450491999989, 36.470616679000045 ], [ -110.119059559999982, 36.468454841000039 ], [ -110.112449229, 36.469510887000069 ], [ -110.103459039999962, 36.470284654000061 ], [ -110.09768543499996, 36.469627826000078 ], [ -110.088183216999937, 36.472018854000055 ], [ -110.084969514999955, 36.47333804800008 ], [ -110.083975913999964, 36.46430137100004 ], [ -110.071722553999962, 36.454309283000043 ], [ -110.06880442, 36.453162834000068 ], [ -110.062012975999949, 36.453245706000075 ], [ -110.055293307999989, 36.457288004000077 ], [ -110.059302595999952, 36.463090180000052 ], [ -110.058917176999955, 36.464588089000081 ], [ -110.049152005999986, 36.462246633000063 ], [ -110.049135222999951, 36.458794876000077 ], [ -110.046390267999982, 36.45711495200004 ], [ -110.041365304999943, 36.461647329000073 ], [ -110.037601588999962, 36.461712874000057 ], [ -110.037836139999968, 36.480933519000075 ], [ -110.028353479999964, 36.47704850100007 ], [ -110.025826691999953, 36.474398151000059 ], [ -110.019289300999958, 36.471888506000028 ], [ -110.016743773999963, 36.470326073000031 ], [ -110.011797881999939, 36.467869370000074 ], [ -110.007012948999943, 36.464029122000056 ], [ -110.00966372399995, 36.460935550000038 ], [ -110.00616329199994, 36.454914004000052 ], [ -109.994647461999989, 36.452705304000062 ], [ -109.982301030999963, 36.452378360000068 ], [ -109.968484136999962, 36.443088266000075 ], [ -109.964259607999963, 36.442084550000061 ], [ -109.961747875999947, 36.436137863000056 ], [ -109.950961447999987, 36.421320406000063 ], [ -109.940949514999943, 36.418760499000037 ], [ -109.933153618999938, 36.421857102000047 ], [ -109.928937760999986, 36.421203684000034 ], [ -109.929581465999959, 36.411205051000024 ], [ -109.932675967999955, 36.404945653000027 ], [ -109.929235395999967, 36.394635458000046 ], [ -109.922926008, 36.391144180000026 ], [ -109.915239754999973, 36.384465719000048 ], [ -109.908301309999956, 36.385306102000072 ], [ -109.903448440999966, 36.387151307000067 ], [ -109.884257884999954, 36.38383456400004 ], [ -109.880686007999941, 36.374504566000034 ], [ -109.870739709999967, 36.373671751000074 ], [ -109.864861876999967, 36.377200613000063 ], [ -109.856333917999962, 36.378377417000024 ], [ -109.838748005999946, 36.377917586000017 ], [ -109.835485297, 36.375244825000046 ], [ -109.838375024999948, 36.369912242000055 ], [ -109.841843647999951, 36.361246384000033 ], [ -109.832766441, 36.355301793000024 ], [ -109.832244440999943, 36.352028200000063 ], [ -109.828172861999974, 36.346544673000039 ], [ -109.829121356999963, 36.339627835000044 ], [ -109.827102485999944, 36.328807415000028 ], [ -109.824520900999971, 36.323340299000051 ], [ -109.827465157999953, 36.316623449000076 ], [ -109.819457018999969, 36.31339451100007 ], [ -109.811121939999964, 36.302625668000076 ], [ -109.808743306999986, 36.291676342000073 ], [ -109.809728017999987, 36.284862258000032 ], [ -109.809905504999975, 36.28056840000005 ], [ -109.811699027999964, 36.271673471000042 ], [ -109.811182434999978, 36.263673618000041 ], [ -109.819935653999948, 36.260938758000059 ], [ -109.828768585999967, 36.252693458000067 ], [ -109.828041379999959, 36.245787368000038 ], [ -109.834109738999985, 36.242231317000062 ], [ -109.837077078999982, 36.236461087000073 ], [ -109.846563864999951, 36.233807385000034 ], [ -109.847072108999953, 36.226544365000052 ], [ -109.844637457999966, 36.222767649000048 ], [ -109.845994326999971, 36.215937033000046 ], [ -109.848297160999948, 36.213411956000073 ], [ -109.850924087999942, 36.204843064000045 ], [ -109.860210366, 36.198174315000067 ], [ -109.863988770999981, 36.197998738000024 ], [ -109.873151950999954, 36.187383537000073 ], [ -109.878955443999985, 36.189547901000026 ], [ -109.88404036299994, 36.185790586000053 ], [ -109.88701167, 36.179127996000034 ], [ -109.889151655999967, 36.175399968000086 ], [ -109.90183131, 36.166112053000063 ], [ -109.904770522999968, 36.161492514000024 ], [ -109.913941686999976, 36.157153865000055 ], [ -109.915885703999948, 36.155358266000064 ], [ -109.920659402999945, 36.14915472600007 ], [ -109.918617916999949, 36.145876553000051 ], [ -109.914994946999968, 36.142493706000039 ], [ -109.920859309999969, 36.13553169100004 ], [ -109.927427656999953, 36.13045428800006 ], [ -109.931401813999969, 36.125817163000079 ], [ -109.935932879999939, 36.121496670000049 ], [ -109.944565000999944, 36.120069636000046 ], [ -109.955672236999987, 36.110663607000049 ], [ -109.958152135999967, 36.105634751000018 ], [ -109.958564707999983, 36.090493998000063 ], [ -109.953824706, 36.085722692000047 ], [ -109.954331347999982, 36.075362834000032 ], [ -109.952675971999952, 36.066819710000061 ], [ -109.950331249999977, 36.06088899100007 ], [ -109.950062370999945, 36.049968980000074 ], [ -109.947085913999956, 36.041254843000047 ], [ -109.939095589999965, 36.039957906000041 ], [ -109.930745302, 36.038480981000077 ], [ -109.923976898999967, 36.034347942000068 ], [ -109.919787533999965, 36.031913186000054 ], [ -109.91474472699997, 36.032029119000065 ], [ -109.908633671999951, 36.028961140000035 ], [ -109.904841767999983, 36.025673240000067 ], [ -109.904838563999988, 36.019443724000041 ], [ -109.901157717, 36.010613179000075 ], [ -109.900170836999962, 35.997922434000039 ], [ -109.898081807999972, 35.994742491000068 ], [ -109.896397325999942, 35.991035734000043 ], [ -109.889111949999972, 35.984266411000071 ], [ -109.882174044999942, 35.968662556000027 ], [ -109.875741475999973, 35.962813177000044 ], [ -109.870803970999987, 35.953401349000046 ], [ -109.87222466299994, 35.949401697000042 ], [ -109.867266297999947, 35.941008444000033 ], [ -109.867239127999937, 35.932442478000041 ], [ -109.868623449999973, 35.930699962000062 ], [ -109.866683648999981, 35.928445962000069 ], [ -109.865285308999944, 35.921626765000042 ], [ -109.858708842999988, 35.91061347200008 ], [ -109.857599446999984, 35.901551170000062 ], [ -109.853587537999942, 35.893943646000025 ], [ -109.85440209799998, 35.889324024000075 ], [ -109.851641505999964, 35.886015471000064 ], [ -109.838031415999978, 35.881480226000065 ], [ -109.837214493, 35.874048753000068 ], [ -109.834715832999962, 35.87158394000005 ], [ -109.833111245999987, 35.863730102000034 ], [ -109.829989903999945, 35.85836069800007 ], [ -109.83443170399994, 35.855098232000053 ], [ -109.845358545999943, 35.853340204000062 ], [ -109.852119492999975, 35.855991457000073 ], [ -109.854370443999983, 35.851251993000062 ], [ -109.855012365, 35.846821453000075 ], [ -109.855871913999977, 35.842562011000041 ], [ -109.854413167999951, 35.832743029000028 ], [ -109.852962102999982, 35.824937937000072 ], [ -109.857026718999975, 35.821349899000033 ], [ -109.85077406399995, 35.820719335000042 ], [ -109.850219938999942, 35.816461415000049 ], [ -109.846047767999963, 35.816741179000076 ], [ -109.846828523999989, 35.807936610000077 ], [ -109.844455130999975, 35.803769934000066 ], [ -109.837744533999967, 35.80654392100007 ], [ -109.832759617999955, 35.803693533000057 ], [ -109.830528472999958, 35.797440959000035 ], [ -109.821067541, 35.792498619000071 ], [ -109.813255935999962, 35.794329349000066 ], [ -109.804863868999973, 35.798036961000037 ], [ -109.795423831, 35.791096241000048 ], [ -109.794886693999956, 35.786176154000032 ], [ -109.79066787499994, 35.78806559700007 ], [ -109.78900022, 35.786318079000068 ], [ -109.795108581999955, 35.780364606000035 ], [ -109.792872083999967, 35.77542751400005 ], [ -109.790158898999948, 35.772201298000027 ], [ -109.787645243999975, 35.770101727000061 ], [ -109.784476981999958, 35.771239955000055 ], [ -109.770959970999968, 35.765412549000075 ], [ -109.763867878999974, 35.767083322000076 ], [ -109.765165816999968, 35.759518249000052 ], [ -109.76175860799998, 35.755931701000065 ], [ -109.758859043999962, 35.755655795000052 ], [ -109.755331851999983, 35.751710254000038 ], [ -109.753447644999937, 35.751369770000053 ], [ -109.747081071999958, 35.756648987000062 ], [ -109.739251710999952, 35.757276524000076 ], [ -109.733204744999966, 35.755634912000055 ], [ -109.721520857999963, 35.758472815000061 ], [ -109.718397612, 35.748640574000042 ], [ -109.717085489999988, 35.736140538000029 ], [ -109.70435191699994, 35.736991250000074 ], [ -109.701496875999965, 35.736049685000069 ], [ -109.695735702999968, 35.741000796000037 ], [ -109.686343009999973, 35.752357380000035 ], [ -109.680585470999972, 35.758623774000057 ], [ -109.675240697, 35.763533702000075 ], [ -109.662975673999938, 35.76808434000003 ], [ -109.661191980999945, 35.764556020000043 ], [ -109.659685968999952, 35.749159962000078 ], [ -109.657503617999964, 35.745930345000033 ], [ -109.647356186999957, 35.745177523000052 ], [ -109.630389075999972, 35.74365965800007 ], [ -109.623377600999959, 35.742141254000046 ], [ -109.618220686999962, 35.74837575500004 ], [ -109.602326265999977, 35.757592779000049 ], [ -109.592567138999982, 35.759266970000056 ], [ -109.58861862699996, 35.763130326000066 ], [ -109.588152950999984, 35.765772450000036 ], [ -109.579751099999953, 35.768021350000026 ], [ -109.575677488999986, 35.775886689000053 ], [ -109.578348540999968, 35.778671759000076 ], [ -109.572455591, 35.784831951000065 ], [ -109.566889864999951, 35.787388055000058 ], [ -109.560974030999958, 35.795271713000034 ], [ -109.558869729, 35.802700360000081 ], [ -109.553686765999942, 35.808555174000048 ], [ -109.549165441999946, 35.819239112000041 ], [ -109.542077838999944, 35.81840639200005 ], [ -109.541058892999956, 35.813308309000028 ], [ -109.531403178999952, 35.800452782000043 ], [ -109.526339962999941, 35.797861672000067 ], [ -109.519571230999986, 35.799551608000058 ], [ -109.515626728999962, 35.794891229000022 ], [ -109.511649936999959, 35.793387964000033 ], [ -109.509757570999966, 35.792665149000079 ], [ -109.498920251999948, 35.796741894000036 ], [ -109.492927276999978, 35.800277 ], [ -109.487073903999942, 35.806756535000034 ], [ -109.485168577999957, 35.810560058000085 ], [ -109.472714029999963, 35.812178360000068 ], [ -109.461484155999983, 35.820462559000077 ], [ -109.457106741999951, 35.823084471000072 ], [ -109.445195398999942, 35.818212347000042 ], [ -109.437900438999975, 35.815739607000062 ], [ -109.429117886999961, 35.824229668000044 ], [ -109.424772375999964, 35.825981474000052 ], [ -109.41854349099998, 35.834116190000024 ], [ -109.412911039, 35.838376181000058 ], [ -109.408298302999981, 35.846422417000049 ], [ -109.406587298999966, 35.851515149000086 ], [ -109.395417517999988, 35.858832497000037 ], [ -109.390340254999956, 35.860642166000048 ], [ -109.388370499999965, 35.864028088000062 ], [ -109.379691829999956, 35.871027234000053 ], [ -109.35948527, 35.881626759000035 ], [ -109.348684764999987, 35.894044462000068 ], [ -109.334819485999972, 35.897028635000026 ], [ -109.322144876999971, 35.896220896000045 ], [ -109.315514379999968, 35.892754412000052 ], [ -109.302932900999977, 35.892272154000068 ], [ -109.293986184999937, 35.893025598000065 ], [ -109.279317602, 35.895125368000038 ], [ -109.272179105999967, 35.899756328000024 ], [ -109.262972454999954, 35.888525317000074 ], [ -109.259700429999953, 35.881309459000079 ], [ -109.252420656999973, 35.88671269200006 ], [ -109.249045395999985, 35.886272164000047 ], [ -109.241821642, 35.891501532000063 ], [ -109.224980190999986, 35.886624070000039 ], [ -109.216925489999937, 35.88596657700004 ], [ -109.205994616999988, 35.88117877600007 ], [ -109.203679048999959, 35.885899252000058 ], [ -109.198805067999956, 35.89737324400005 ], [ -109.198628965999944, 35.903575271000079 ], [ -109.190184390999946, 35.908260595000058 ], [ -109.177406309, 35.919904872000075 ], [ -109.167788924999968, 35.927100322000058 ], [ -109.163296302, 35.935085631000049 ], [ -109.158849382999961, 35.938898956000067 ], [ -109.149320481999965, 35.937781108000024 ], [ -109.131762704999971, 35.946816082000055 ], [ -109.127290470999981, 35.945856553000056 ], [ -109.118598826999971, 35.955366457000025 ], [ -109.115519141, 35.958800091000057 ], [ -109.103984171999969, 35.968631941000069 ], [ -109.095886811999947, 35.983428853000078 ], [ -109.092195749999988, 35.986317010000057 ], [ -109.092864773999963, 35.997621492000064 ], [ -109.099294203999989, 36.005699006000043 ], [ -109.097705024999982, 36.008919619000039 ], [ -109.09148111899998, 36.011443082000028 ], [ -109.085611772, 36.015780170000028 ], [ -109.065457323999979, 36.026714059000028 ], [ -109.044526702999974, 36.033436223000024 ], [ -109.037931570999945, 36.026764397000072 ], [ -109.03800763299995, 36.022867375000033 ], [ -109.027704971, 36.00992649300008 ], [ -109.019751706999955, 36.001272287000063 ], [ -109.018299338999952, 35.994520313000073 ], [ -109.025506917999962, 35.987243333000038 ], [ -109.016192261999947, 35.988416894000068 ], [ -109.012387922999963, 35.986934704000085 ], [ -109.006777324999973, 35.988260713000045 ], [ -108.996893942999975, 35.985508301000039 ], [ -108.991791945999978, 35.989054129000067 ], [ -108.984514205999972, 35.988055506000073 ], [ -108.980317246999959, 35.98467932300008 ], [ -108.980471847999979, 35.981434691000061 ], [ -108.973188496999967, 35.981503918000044 ], [ -108.968830358, 35.982067770000072 ], [ -108.960220009999944, 35.985307336000062 ], [ -108.956524370999944, 35.983708595000046 ], [ -108.945744584999943, 35.986704942000081 ], [ -108.945015346, 35.99193454300007 ], [ -108.937577166999972, 36.00064565200006 ], [ -108.933279826999978, 35.999137138000044 ], [ -108.931651243999966, 36.003282810000037 ], [ -108.928638096, 36.003642634000073 ], [ -108.925319625999975, 36.002238548000037 ], [ -108.91921033999995, 36.007975826000063 ], [ -108.915218058, 36.015619461000028 ], [ -108.910452057999976, 36.019087607000067 ], [ -108.908510122999985, 36.018674725000039 ], [ -108.906787832999953, 36.023961917000065 ], [ -108.902349267999966, 36.028199924000027 ], [ -108.905533468999977, 36.030958331000079 ], [ -108.901996342999951, 36.039571291000073 ], [ -108.902462201, 36.042926723000051 ], [ -108.894830362, 36.04891982100002 ], [ -108.893878323999957, 36.051858082000024 ], [ -108.892274322, 36.053031823000026 ], [ -108.89208972199998, 36.059180586000025 ], [ -108.894887966999988, 36.063345027000025 ], [ -108.891093591999962, 36.06549861600007 ], [ -108.88361742799998, 36.066134796000036 ], [ -108.880683384999941, 36.063979460000049 ], [ -108.874753092999981, 36.065059744000045 ], [ -108.871653851999952, 36.063787163000036 ], [ -108.864818643999968, 36.064791258000071 ], [ -108.864668404999989, 36.061216054000056 ], [ -108.858809353999959, 36.061396913000067 ], [ -108.856961908999949, 36.064357298000068 ], [ -108.849018427999965, 36.061511454000026 ], [ -108.843205188999946, 36.063009408000021 ], [ -108.840228233999937, 36.056591237000077 ], [ -108.842799728999978, 36.054083222000031 ], [ -108.840653332999977, 36.049187801000066 ], [ -108.839720370999942, 36.046601616000032 ], [ -108.837849201999973, 36.045097195000039 ], [ -108.839057921999938, 36.039316436000043 ], [ -108.837945549999972, 36.036658308000028 ], [ -108.840359688999968, 36.032588175000058 ], [ -108.840629458999956, 36.028479266000026 ], [ -108.843033342999945, 36.02661426800006 ], [ -108.846503229999939, 36.028266986000062 ], [ -108.849077671999964, 36.02478741700002 ], [ -108.850677792999988, 36.020588059000033 ], [ -108.851813436999976, 36.018608648000054 ], [ -108.850642801999982, 36.017764586000055 ], [ -108.854773553999962, 36.013722050000069 ], [ -108.861381563999956, 36.013544993000046 ], [ -108.865443680999988, 36.014116872000038 ], [ -108.864479487999972, 36.007592873000085 ], [ -108.854337338, 36.008086519000074 ], [ -108.855880828999943, 36.004991605000043 ], [ -108.847700983, 36.004045145000077 ], [ -108.845540225999969, 36.001179832000048 ], [ -108.848967553999955, 35.998362944000064 ], [ -108.846633701999963, 35.995437756000065 ], [ -108.841903534999972, 35.991631376000043 ], [ -108.831661189999977, 35.993729460000054 ], [ -108.827951693999978, 35.989181741000039 ], [ -108.826906705999988, 35.989497498000048 ], [ -108.828556590999938, 35.982858585000024 ], [ -108.833512956999982, 35.980368509000073 ], [ -108.830671303999964, 35.971105109000064 ], [ -108.828587466999977, 35.970220787000081 ], [ -108.831294410999988, 35.967073246000041 ], [ -108.82869937, 35.961435061000032 ], [ -108.827025460999948, 35.957190553000032 ], [ -108.824353150999968, 35.95413450500007 ], [ -108.831387033999988, 35.947707752000042 ], [ -108.836632958999985, 35.949789086000067 ], [ -108.841822794999985, 35.947720477000075 ], [ -108.84177451499994, 35.944637425000053 ], [ -108.844742142999962, 35.943718618000048 ], [ -108.846731388999956, 35.938588060000029 ], [ -108.85359757599997, 35.932403035000057 ], [ -108.855870211999957, 35.927449230000036 ], [ -108.854193174999978, 35.925810761000037 ], [ -108.848273958, 35.924022411000067 ], [ -108.841803244999937, 35.922942615000068 ], [ -108.841746440999941, 35.918742691000034 ], [ -108.842122606999979, 35.915917878000073 ], [ -108.846765926999979, 35.911055032000029 ], [ -108.84445434099996, 35.90704080900008 ], [ -108.859998547999965, 35.907792898000025 ], [ -108.870229982999945, 35.905794532000073 ], [ -108.877184777999972, 35.908251704000065 ], [ -108.885171622999962, 35.906956198000046 ], [ -108.889287381999964, 35.906637967000059 ], [ -108.898034394999982, 35.901276525000071 ], [ -108.899032356999953, 35.899533509000037 ], [ -108.905956417999974, 35.897639569000034 ], [ -108.906136813999979, 35.888503995000065 ], [ -108.91027289699997, 35.882076020000056 ], [ -108.911221148999971, 35.876645798000027 ], [ -108.912996858999975, 35.873751127000048 ], [ -108.915531365999982, 35.867828241000041 ], [ -108.919179379999946, 35.861034622000034 ], [ -108.924887781999985, 35.862480900000037 ], [ -108.931087946, 35.859357585000055 ], [ -108.935297883999965, 35.860697528000067 ], [ -108.943102992999968, 35.851275761000061 ], [ -108.950247237999974, 35.848919142000057 ], [ -108.953878738999947, 35.846284616000048 ], [ -108.957593241999973, 35.847091871000032 ], [ -108.960100718999968, 35.837176160000062 ], [ -108.956037138999989, 35.833460434000081 ], [ -108.952696332999949, 35.833093867000059 ], [ -108.953873014999942, 35.821720466000045 ], [ -108.955765400999965, 35.815627231000065 ], [ -108.954139833999989, 35.810305491000065 ], [ -108.959086928999966, 35.806942148000076 ], [ -108.957400297999982, 35.800531846000069 ], [ -108.960384523999949, 35.797876964000068 ], [ -108.956863318999979, 35.793312677000081 ], [ -108.958065516, 35.787208688000078 ], [ -108.955150221999986, 35.784083197000029 ], [ -108.941142347999971, 35.777973422000059 ], [ -108.941958605999957, 35.773421682000048 ], [ -108.943328290999943, 35.771310040000067 ], [ -108.940067319999969, 35.765424290000055 ], [ -108.936548169, 35.761942482000052 ], [ -108.933397380999978, 35.760772890000055 ], [ -108.93160822599998, 35.757759965000048 ], [ -108.927358532999961, 35.754083728000076 ], [ -108.929348940999944, 35.752724296000054 ], [ -108.92444508799997, 35.746705745000042 ], [ -108.923433924999983, 35.744339650000029 ], [ -108.920409997999968, 35.744477602000075 ], [ -108.918441763999965, 35.741105651000055 ], [ -108.921241630999987, 35.736673330000031 ], [ -108.918612917999951, 35.732972330000052 ], [ -108.916457433999938, 35.730518374000042 ], [ -108.918587554999988, 35.721995921000037 ], [ -108.916729202999989, 35.720318676000034 ], [ -108.917047730999968, 35.717690915000048 ], [ -108.911311285999943, 35.713365377000066 ], [ -108.91546429999994, 35.708370659000018 ], [ -108.915440964999959, 35.702253430000049 ], [ -108.913355426999942, 35.698695390000069 ], [ -108.910122528999977, 35.695961683000057 ], [ -108.901457620999963, 35.696700662000069 ], [ -108.899909091999973, 35.693115741000042 ], [ -108.893464814999959, 35.693698823000034 ], [ -108.891212444999965, 35.690286695000054 ], [ -108.886504839999986, 35.69073110800008 ], [ -108.88055688999998, 35.689654023000067 ], [ -108.87511885899994, 35.690859079000063 ], [ -108.872285640999962, 35.687474817000073 ], [ -108.868617301999961, 35.682765632000049 ], [ -108.869268065999961, 35.680268525000031 ], [ -108.86263457299998, 35.681652129000042 ], [ -108.860317650999946, 35.681888104000052 ], [ -108.860804919999964, 35.679448246000049 ], [ -108.854230494999968, 35.675429106000024 ], [ -108.847010254999987, 35.679847479000045 ], [ -108.84169140399996, 35.677514524000053 ], [ -108.833788899999945, 35.677405596000028 ], [ -108.829718377999939, 35.673119188000044 ], [ -108.830916847999958, 35.668310732000066 ], [ -108.829747791999978, 35.667132347000063 ], [ -108.81716077699997, 35.669849784000064 ], [ -108.81139247699997, 35.665956200000039 ], [ -108.810250959999962, 35.664068640000032 ], [ -108.806633285, 35.666314364000073 ], [ -108.79863779599998, 35.663023532000068 ], [ -108.79308070499998, 35.658289283000045 ], [ -108.791910247999965, 35.653462857000079 ], [ -108.783557757999972, 35.658228101000077 ], [ -108.779499723999947, 35.660632225000029 ], [ -108.777299953999943, 35.659716161000063 ], [ -108.777423067999976, 35.654508324000062 ], [ -108.77523879499995, 35.653254033000053 ], [ -108.772742312999981, 35.64751818700006 ], [ -108.76717813, 35.642904103000035 ], [ -108.762594380999985, 35.643406987000049 ], [ -108.759332933999985, 35.641289920000077 ], [ -108.753080674999978, 35.64526036400008 ], [ -108.748890823999943, 35.643818142000043 ], [ -108.747702812999989, 35.640189589000045 ], [ -108.740717295999971, 35.639216185000059 ], [ -108.737619493999944, 35.640742035000081 ], [ -108.734910937999985, 35.637629868000033 ], [ -108.734851034999963, 35.634277791000045 ], [ -108.737134935999961, 35.62939837600004 ], [ -108.736447127999952, 35.624045162000073 ], [ -108.723429381999949, 35.622520356000052 ], [ -108.722091465999938, 35.622799574000055 ], [ -108.720716712999945, 35.617441593000024 ], [ -108.720724162999943, 35.61063280500008 ], [ -108.72109708, 35.606877145000055 ], [ -108.712739254999974, 35.599441972000079 ], [ -108.703896336999946, 35.600608824000069 ], [ -108.699976199, 35.600240556000081 ], [ -108.693044206999957, 35.60509616000008 ], [ -108.690556963999953, 35.605981290000045 ], [ -108.687994440999958, 35.606210886000042 ], [ -108.687637260999978, 35.610659241000064 ], [ -108.686696371999972, 35.617860587000045 ], [ -108.678603281999983, 35.632597659000055 ], [ -108.676030715999957, 35.641170924000058 ], [ -108.672604699999965, 35.642748600000068 ], [ -108.671424170999956, 35.649914778000038 ], [ -108.671304425999963, 35.652465887000062 ], [ -108.66817550899998, 35.653981366000039 ], [ -108.668093672999987, 35.657623269000055 ], [ -108.653660226999989, 35.67203296200006 ], [ -108.635464652999985, 35.675095958000043 ], [ -108.629421217999948, 35.675616665000071 ], [ -108.618794482999988, 35.673636092000031 ], [ -108.615834723999967, 35.679514453000024 ], [ -108.618862164999939, 35.68649111600007 ], [ -108.615307343, 35.688531473000069 ], [ -108.60711706799998, 35.691140429000029 ], [ -108.602799782999966, 35.695077762000039 ], [ -108.59667051699995, 35.696287083000072 ], [ -108.596132704999945, 35.702924985000038 ], [ -108.585028832999967, 35.701543558000026 ], [ -108.579665666999972, 35.70293315300006 ], [ -108.576342675999967, 35.701651742000024 ], [ -108.564053924999939, 35.701157351000063 ], [ -108.558421940999963, 35.703762672000032 ], [ -108.549009470999977, 35.703836820000042 ], [ -108.544196871999986, 35.704000226000062 ], [ -108.53544494099998, 35.704719804000028 ], [ -108.53274029, 35.698945306000034 ], [ -108.535662109999976, 35.689581862000075 ], [ -108.529512249999982, 35.684571494000068 ], [ -108.520002983, 35.687186589000078 ], [ -108.518417230999958, 35.691846124000051 ], [ -108.512033452999958, 35.694299332000071 ], [ -108.507605779999963, 35.694675617000037 ], [ -108.50169836299996, 35.694783412000056 ], [ -108.497298943999965, 35.695044153000026 ], [ -108.492847757, 35.693988137000076 ], [ -108.470188896999957, 35.697995926000033 ], [ -108.46808008499994, 35.700086709000061 ], [ -108.463290045999941, 35.699848827000039 ], [ -108.447654998999951, 35.692435260000025 ], [ -108.443990146999965, 35.689473475000057 ], [ -108.441061322999985, 35.689543094000044 ], [ -108.439414893, 35.685551400000072 ], [ -108.431548686999975, 35.682238544000029 ], [ -108.428997368999944, 35.679647440000053 ], [ -108.419721810999988, 35.677104230000047 ], [ -108.397479170999986, 35.677376595000055 ], [ -108.388271115999942, 35.679627297000025 ], [ -108.383597633999955, 35.680775789000052 ], [ -108.377266367999937, 35.684663116000024 ], [ -108.373148907999962, 35.682773648000079 ], [ -108.371330339999986, 35.681693225000068 ], [ -108.365738021999974, 35.682293712000039 ], [ -108.358949527999982, 35.676983833000065 ], [ -108.353331729999979, 35.674447893000035 ], [ -108.35549993799998, 35.66797083300002 ], [ -108.362224474999948, 35.661323395000068 ], [ -108.35692264, 35.658778693000045 ], [ -108.357477826999968, 35.654853101000072 ], [ -108.339956382999958, 35.65173151700003 ], [ -108.337260373999982, 35.645561660000055 ], [ -108.333831197999984, 35.645384695000075 ], [ -108.330050206999957, 35.647279676000039 ], [ -108.321501409999954, 35.648475673000064 ], [ -108.318472985999961, 35.644849535000048 ], [ -108.314058455999941, 35.645028439000043 ], [ -108.305449188999944, 35.647521225000048 ], [ -108.28196808499996, 35.660102488000064 ], [ -108.277213182999958, 35.660991194000083 ], [ -108.271444734999989, 35.668875429000025 ], [ -108.266311401999985, 35.668678466000081 ], [ -108.26289355199998, 35.663629028000052 ], [ -108.255639844999962, 35.664370063000035 ], [ -108.248052944999984, 35.653001907000032 ], [ -108.243557888999987, 35.651203545000044 ], [ -108.240373211999952, 35.644056411000065 ], [ -108.228189452999985, 35.639986547000035 ], [ -108.225363625999989, 35.638214679000043 ], [ -108.21835414799996, 35.639748455000074 ], [ -108.216248821999955, 35.635823192000032 ], [ -108.210849683999982, 35.639891866000028 ], [ -108.203055689999985, 35.64638764100004 ], [ -108.195264317999943, 35.649473821000072 ], [ -108.187541401999979, 35.64987934100003 ], [ -108.182795976999955, 35.64748392000007 ], [ -108.176639053999963, 35.644008432000078 ], [ -108.170510352999941, 35.647879815000067 ], [ -108.162034184999982, 35.64698562600006 ], [ -108.158003329999985, 35.644885725000059 ], [ -108.15068501099995, 35.644876904000057 ], [ -108.147924478999983, 35.635796253000024 ], [ -108.150482649999958, 35.627221261000038 ], [ -108.153512115999959, 35.621712896000076 ], [ -108.152268941999978, 35.618207785000038 ], [ -108.142735773999959, 35.620705817000044 ], [ -108.138668887999984, 35.616729679000059 ], [ -108.139435253999977, 35.615692797000065 ], [ -108.134865573999946, 35.611428621000073 ], [ -108.137652060999983, 35.601487072000047 ], [ -108.141032300999939, 35.60002377700004 ], [ -108.144085638999968, 35.601405174000043 ], [ -108.152376407999967, 35.596819639000039 ], [ -108.155022794, 35.59319823900006 ], [ -108.158955299999946, 35.585013178000054 ], [ -108.149802349999959, 35.58588898000005 ], [ -108.141930779999939, 35.580984649000072 ], [ -108.140946019999944, 35.57787376400006 ], [ -108.133277732999943, 35.57674419600005 ], [ -108.117929771999968, 35.572684912000057 ], [ -108.112544013, 35.577143758000034 ], [ -108.099112672, 35.580978095000035 ], [ -108.096094708999942, 35.583588690000056 ], [ -108.096067439999956, 35.585695416000078 ], [ -108.093779782999945, 35.590422631000024 ], [ -108.080143876999955, 35.595926705000068 ], [ -108.072210378999955, 35.59875065500006 ], [ -108.061417614, 35.600851839000029 ], [ -108.052752586999986, 35.600364810000031 ], [ -108.050851137999985, 35.595634257000029 ], [ -108.047905833999948, 35.593094652000048 ], [ -108.039759426999979, 35.595433479000064 ], [ -108.036635933999946, 35.596454924000057 ], [ -108.027626750999957, 35.601908483000045 ], [ -108.020126397999945, 35.601055153000061 ], [ -108.015687757999956, 35.598341502000039 ], [ -108.015409493, 35.596293963000051 ], [ -108.011350774999983, 35.59752211700004 ], [ -108.009112291999941, 35.594630219000067 ], [ -108.007110944999965, 35.593659082000045 ], [ -108.00523923999998, 35.587944841000024 ], [ -108.007240464999953, 35.581655538000071 ], [ -108.004318317999946, 35.579177951000084 ], [ -107.992510724999988, 35.581495620000055 ], [ -107.989744800999986, 35.587761231000059 ], [ -107.97714568799995, 35.583096601000079 ], [ -107.977462366999987, 35.579101629000036 ], [ -107.983028336999951, 35.568097537000028 ], [ -107.983953938999946, 35.565471028000047 ], [ -107.982180193, 35.564573084000074 ], [ -107.975471270999947, 35.56471041300005 ], [ -107.971485894999944, 35.561388348000037 ], [ -107.974135917999945, 35.559122835000039 ], [ -107.964224616999957, 35.561048600000049 ], [ -107.951728798999966, 35.570905484000036 ], [ -107.934346531999964, 35.571983524000075 ], [ -107.925449373999982, 35.576321701000047 ], [ -107.919069708999984, 35.578109841000071 ], [ -107.919786932999955, 35.587815624000022 ], [ -107.914205703, 35.594791545000078 ], [ -107.912957164999966, 35.598962947000075 ], [ -107.905361504999973, 35.603613897000059 ], [ -107.896531550999953, 35.602779552000072 ], [ -107.884969499999968, 35.605790512000056 ], [ -107.87609251899994, 35.608899729000036 ], [ -107.872175091999964, 35.610391098000044 ], [ -107.86871769399994, 35.612255830000038 ], [ -107.859685473999946, 35.617317994000075 ], [ -107.855120173999978, 35.62294610400005 ], [ -107.852588078999986, 35.623385658000082 ], [ -107.851118049999982, 35.628219596000065 ], [ -107.848570904999988, 35.629884473000068 ], [ -107.847898742999973, 35.631677978000027 ], [ -107.840873410999961, 35.636844956000054 ], [ -107.84109177199997, 35.641840452000046 ], [ -107.836978067999951, 35.643840129000068 ], [ -107.836346616999947, 35.653438951000062 ], [ -107.833220649999987, 35.658590404000051 ], [ -107.827621687999965, 35.661229697000067 ], [ -107.823901375, 35.666745721000041 ], [ -107.825339157999963, 35.668782501000067 ], [ -107.819301206999967, 35.672858685000058 ], [ -107.816501069999958, 35.674605638000067 ], [ -107.812077508999948, 35.674713851000035 ], [ -107.809332834999964, 35.676699520000064 ], [ -107.802556082999956, 35.677880855000062 ], [ -107.800729527999977, 35.681882026000039 ], [ -107.796221420999984, 35.687002335000045 ], [ -107.794529362999981, 35.686945471000058 ], [ -107.796872451999945, 35.690811042000064 ], [ -107.800968217, 35.694424484000024 ], [ -107.806327598999985, 35.694770310000024 ], [ -107.808254289999979, 35.696647082000027 ], [ -107.80644093799998, 35.698341821000042 ], [ -107.800423251999973, 35.700562184000027 ], [ -107.796389954999938, 35.706665909000037 ], [ -107.791124478999961, 35.70818627500006 ], [ -107.785396291, 35.706911421000036 ], [ -107.778848661999973, 35.710704513000053 ], [ -107.776700448999975, 35.713300236000073 ], [ -107.780115468999966, 35.71766976400005 ], [ -107.782011672999943, 35.722045788000059 ], [ -107.783905372, 35.722636024000053 ], [ -107.781063779999954, 35.72968677700004 ], [ -107.780593261999968, 35.733435255000074 ], [ -107.779463485999941, 35.738395047000033 ], [ -107.776496901999963, 35.742047411000044 ], [ -107.778555259999962, 35.747692568000048 ], [ -107.775160566999944, 35.750394031000042 ], [ -107.775012300999947, 35.754442408000045 ], [ -107.775512233999962, 35.756784781000086 ], [ -107.771271572999979, 35.756863400000036 ], [ -107.768078341999967, 35.754861698000063 ], [ -107.760622394999984, 35.757742629000056 ], [ -107.754439126999955, 35.758749083000055 ], [ -107.745724361, 35.764982718000056 ], [ -107.744640302, 35.76774557300007 ], [ -107.738039293999975, 35.766743022000071 ], [ -107.73742694699996, 35.77157070100003 ], [ -107.736815494, 35.777810713000072 ], [ -107.72986248999996, 35.777051350000079 ], [ -107.722616648999974, 35.781529746000047 ], [ -107.709957394999947, 35.779236160000039 ], [ -107.707322869999985, 35.779083989000078 ], [ -107.692821323999965, 35.779823118000024 ], [ -107.68677645799994, 35.780381107000039 ], [ -107.683334438999964, 35.786280687000044 ], [ -107.679856656999959, 35.789461847000041 ], [ -107.677585032999957, 35.789598848000026 ], [ -107.676057545999981, 35.792217221000044 ], [ -107.664095903999964, 35.795822111000071 ], [ -107.658716464999941, 35.797723678000068 ], [ -107.658231550999972, 35.803336082000044 ], [ -107.658199513999989, 35.805556206000063 ], [ -107.647101842999973, 35.802409410000053 ], [ -107.638970097999959, 35.80599919000008 ], [ -107.638928075999956, 35.80832564800005 ], [ -107.631471682999972, 35.809843779000062 ], [ -107.623929399999952, 35.815418186000045 ], [ -107.617663340999968, 35.815728071000031 ], [ -107.610746727999981, 35.818141315000055 ], [ -107.605919793999988, 35.824390565000044 ], [ -107.605339244999982, 35.827021544000047 ], [ -107.599852218999956, 35.827721691000079 ], [ -107.594961149999961, 35.824627851000059 ], [ -107.589507472999983, 35.82525465500003 ], [ -107.5763189, 35.835531065000055 ], [ -107.563151396999956, 35.839589128000057 ], [ -107.555216437999945, 35.837221513000031 ], [ -107.549201074999985, 35.835831264000035 ], [ -107.545206876999941, 35.830852339000046 ], [ -107.545650812999952, 35.827763297000047 ], [ -107.538515389999986, 35.827112028000045 ], [ -107.531366614999968, 35.824730912000064 ], [ -107.508058393999988, 35.836697471000036 ], [ -107.505655342999944, 35.839082463000061 ], [ -107.501145654999959, 35.840521617000036 ], [ -107.494383059999961, 35.849156305000065 ], [ -107.493241601999955, 35.851534084000036 ], [ -107.487072548999947, 35.856178002000036 ], [ -107.484905622999975, 35.862381982000045 ], [ -107.48729177599995, 35.866214472000024 ], [ -107.483615779, 35.871349502000044 ], [ -107.477595856999983, 35.874784102000035 ], [ -107.477051696999979, 35.878167798000057 ], [ -107.479698113999987, 35.883710256000029 ], [ -107.468208750999977, 35.887862496000032 ], [ -107.461689522999961, 35.900208974000066 ], [ -107.450314897999988, 35.905889924000071 ], [ -107.446504193999942, 35.909474757000055 ], [ -107.436051295999974, 35.913713303000065 ], [ -107.436355935999984, 35.920932768000057 ], [ -107.432248042999959, 35.923351228000065 ], [ -107.427824124999972, 35.924708992000035 ], [ -107.42605502899994, 35.927896470000064 ], [ -107.420160725999949, 35.934116932000045 ], [ -107.413563025999963, 35.937065306000079 ], [ -107.407220941999981, 35.943774674000061 ], [ -107.407700849999969, 35.947315370000069 ], [ -107.408711952999965, 35.94786367200004 ], [ -107.39999221, 35.952461904000074 ], [ -107.400129151999977, 35.956004566000047 ], [ -107.396289060999948, 35.959357775000058 ], [ -107.393647769999973, 35.96542561900003 ], [ -107.389701974, 35.971773872000028 ], [ -107.392331284999955, 35.974685857000054 ], [ -107.387851487999967, 35.981361668000041 ], [ -107.390468550999969, 35.985426764000067 ], [ -107.387498479999977, 35.99043468800005 ], [ -107.380310516999941, 35.996357246000066 ], [ -107.383073818999947, 36.000554098000066 ], [ -107.392824814999983, 36.015666322000079 ], [ -107.382300807999968, 36.023193018000029 ], [ -107.374642414999983, 36.026366908000064 ], [ -107.371274274999962, 36.029157478000059 ], [ -107.36583272699994, 36.02968095600005 ], [ -107.360893229999988, 36.031964053000024 ], [ -107.358077415999958, 36.029983987000037 ], [ -107.353563109999982, 36.033821751000062 ], [ -107.352159806999964, 36.04216980100005 ], [ -107.350084194999965, 36.046288781000044 ], [ -107.350954214999945, 36.05665477500002 ], [ -107.347217718999957, 36.060374165000049 ], [ -107.342888751999965, 36.060778672000019 ], [ -107.34076986599996, 36.063143279000037 ], [ -107.331562346999988, 36.067447748000063 ], [ -107.325677817999974, 36.066017535000078 ], [ -107.318938587, 36.067344603000045 ], [ -107.315673622999952, 36.065852937000045 ], [ -107.313420476999966, 36.066545424000026 ], [ -107.303775370999972, 36.063517926000031 ], [ -107.300249486999974, 36.063876299000079 ], [ -107.297804832999987, 36.06305360600004 ], [ -107.293853042999956, 36.063248781000027 ], [ -107.290581611, 36.062862783000064 ], [ -107.286131885999964, 36.06484734900004 ], [ -107.283099259999972, 36.062615780000044 ], [ -107.282417172999942, 36.060134171000072 ], [ -107.275358402999984, 36.060759662000066 ], [ -107.272368633999974, 36.059110730000043 ], [ -107.258108963999973, 36.060110331000033 ], [ -107.252971130999981, 36.060930462000044 ], [ -107.252741564999951, 36.066662849000068 ], [ -107.245782780999946, 36.065590592000035 ], [ -107.24011238099996, 36.061768771000061 ], [ -107.232644989999983, 36.063429030000059 ], [ -107.218370120999964, 36.064212683000058 ], [ -107.214026044999969, 36.065194461000033 ], [ -107.207174041999963, 36.062688801000036 ], [ -107.200319744999945, 36.061465059000056 ], [ -107.199003584999957, 36.066343074000031 ], [ -107.19462210599994, 36.067004864000069 ], [ -107.184259418999943, 36.064589237000064 ], [ -107.180875960999984, 36.066476142000049 ], [ -107.17864233499995, 36.066054737000066 ], [ -107.175708921999956, 36.059879486000057 ], [ -107.174812169999939, 36.058260177000072 ], [ -107.17227709399998, 36.057194834000022 ], [ -107.167326302, 36.059168493000072 ], [ -107.158054677999985, 36.057812308000052 ], [ -107.156149026999969, 36.062793023000047 ], [ -107.153466639999976, 36.066448993000051 ], [ -107.143029029, 36.068795093000062 ], [ -107.138023460999989, 36.074360022000064 ], [ -107.135456615999942, 36.077734480000061 ], [ -107.132296466999946, 36.08538297900003 ], [ -107.127580099999989, 36.087364119000028 ], [ -107.126663439999959, 36.08955050700007 ], [ -107.121529511999938, 36.089923215000056 ], [ -107.109661153, 36.102977588000044 ], [ -107.104913314999976, 36.103705660000067 ], [ -107.101560582, 36.102664755000035 ], [ -107.091801213999986, 36.107051926000047 ], [ -107.086514309999984, 36.104464726000067 ], [ -107.074659538999981, 36.105421202000059 ], [ -107.067006033999974, 36.104938376000064 ], [ -107.062937210999962, 36.107223499000042 ], [ -107.058822316, 36.114084204000051 ], [ -107.055188844999975, 36.116638919000017 ], [ -107.05343378699996, 36.120707503000069 ], [ -107.048967579999953, 36.122579865000034 ], [ -107.051354955999955, 36.127999297000031 ], [ -107.053578953999988, 36.12922986600006 ], [ -107.052677165999967, 36.135203623000059 ], [ -107.050735872999951, 36.137364053000056 ], [ -107.047560254999951, 36.13835593400006 ], [ -107.0424789, 36.147136773000057 ], [ -107.04126231, 36.151204642000039 ], [ -107.038210252999988, 36.157983211000044 ], [ -107.034433404999959, 36.160621075000044 ], [ -107.0337391, 36.170424402000037 ], [ -107.035091768999962, 36.174202949000069 ], [ -107.027670511999986, 36.178160251000065 ], [ -107.031073104999962, 36.184139283000036 ], [ -107.026209721999976, 36.18775043200003 ], [ -107.023595044999979, 36.189440044000037 ], [ -107.019995281, 36.18928215200004 ], [ -107.010418392999952, 36.18887103000003 ], [ -107.006961828999977, 36.191791151000075 ], [ -106.997369382999977, 36.19329470900005 ], [ -106.993231478, 36.190668349000077 ], [ -106.992277267999953, 36.18847603100005 ], [ -106.985914261999937, 36.187197898000079 ], [ -106.979235977999963, 36.187662369000066 ], [ -106.974202989999981, 36.190753973000021 ], [ -106.970151929999986, 36.193078942000056 ], [ -106.965137032999962, 36.196920163000073 ], [ -106.957967098999973, 36.199868210000034 ], [ -106.955711838999946, 36.206497619000061 ], [ -106.952006336999943, 36.215787482000053 ], [ -106.950474884999949, 36.22067083200006 ], [ -106.950823572, 36.224621398000068 ], [ -106.952683983999975, 36.225585860000024 ], [ -106.949177947999942, 36.226610852000078 ], [ -106.952244547999953, 36.232202364000045 ], [ -106.951942084999985, 36.233715071000056 ], [ -106.949781624999957, 36.234936013000038 ], [ -106.949200001999941, 36.237768664000043 ], [ -106.952057151999966, 36.242519900000048 ], [ -106.956407367999986, 36.243120208000057 ], [ -106.96328637199997, 36.240231170000072 ], [ -106.968008878999967, 36.240565999000069 ], [ -106.97096473299996, 36.243623808000052 ], [ -106.968808743999944, 36.245924159000026 ], [ -106.974215570999945, 36.248549326000045 ], [ -106.973954265999964, 36.252207592000047 ], [ -106.967723821, 36.25925432300005 ], [ -106.967240665999967, 36.260654913000053 ], [ -106.970104668999966, 36.262584136000051 ], [ -106.966141496999967, 36.272031833000028 ], [ -106.969910569, 36.282524009000042 ], [ -106.964486843999964, 36.287559560000034 ], [ -106.9591668, 36.292507551000028 ], [ -106.957960699999944, 36.293989382000063 ], [ -106.95980117299996, 36.295721941000068 ], [ -106.955710863999968, 36.300172054000036 ], [ -106.953688089999957, 36.303406174000031 ], [ -106.952052805999983, 36.305425936000063 ], [ -106.953720753999974, 36.309915895000067 ], [ -106.954896068999972, 36.312620069000047 ], [ -106.953649645999974, 36.315102185000057 ], [ -106.955410129999962, 36.31714501600004 ], [ -106.951183206999985, 36.321760621000067 ], [ -106.951231336999967, 36.33393469300006 ], [ -106.950585371999978, 36.337809830000026 ], [ -106.954333730999977, 36.341067999000074 ], [ -106.959491174, 36.342662364000034 ], [ -106.958228657999939, 36.347804963000044 ], [ -106.962344538999957, 36.351344198000056 ], [ -106.963328909999987, 36.356433124000027 ], [ -106.962170105999974, 36.358417274000026 ], [ -106.967583579999939, 36.359804154000074 ], [ -106.969932450999977, 36.359175237000045 ], [ -106.972771569999964, 36.361289354000071 ], [ -106.97587974299995, 36.360408724000024 ], [ -106.97778766, 36.361636580000038 ], [ -106.977742985999953, 36.364251496000065 ], [ -106.983341621999955, 36.368549408000042 ], [ -106.986188131999938, 36.371216507000042 ], [ -106.980025518, 36.380537752000073 ], [ -106.981774765999944, 36.384490524000057 ], [ -106.985266465999985, 36.384552959000075 ], [ -106.988870492999979, 36.386719350000078 ], [ -106.987822075999986, 36.391625647000069 ], [ -106.988603373999979, 36.394523118000052 ], [ -106.989574423999954, 36.398356950000057 ], [ -106.992280623999989, 36.398592149000024 ], [ -106.995155536999974, 36.40402341500004 ], [ -106.995272601999957, 36.410567797000056 ], [ -106.998342150999974, 36.416508086000086 ], [ -107.001518990999955, 36.42287267100005 ], [ -107.005321529999947, 36.422565617000039 ], [ -107.007132229999968, 36.425946631000045 ], [ -107.015852778999943, 36.427549609000046 ], [ -107.018364997, 36.435415515000045 ], [ -107.015661955999974, 36.442385893000043 ], [ -107.01431077899997, 36.445108186000027 ], [ -107.011219292999954, 36.446041476000069 ], [ -107.010151148999967, 36.448412132000044 ], [ -107.007913470999938, 36.44764531800007 ], [ -107.002370088999953, 36.450100077000059 ], [ -106.992889223999953, 36.453931643000033 ], [ -106.989316668999948, 36.453820123000071 ], [ -106.985492524999984, 36.456699386000025 ], [ -106.986483778999968, 36.459789320000027 ], [ -106.984743561999949, 36.461138621000032 ], [ -106.987155493999978, 36.464366034000079 ], [ -106.986874905999969, 36.468394235000062 ], [ -106.980652746999965, 36.472978579000028 ], [ -106.982322003999968, 36.476343381000049 ], [ -106.982246098999951, 36.482287961000054 ], [ -106.979725596, 36.485494663000054 ], [ -106.976545152999961, 36.486585160000068 ], [ -106.975085493999984, 36.491859754000068 ], [ -106.972577091999938, 36.498771927000064 ], [ -106.972859141999962, 36.50193669500004 ], [ -106.97070905299995, 36.503296070000033 ], [ -106.969320264999965, 36.506834231000028 ], [ -106.959410067999968, 36.514792138000075 ], [ -106.968676923999965, 36.521459366000045 ], [ -106.971151827999961, 36.526108886000038 ], [ -106.972441673, 36.52593776100008 ], [ -106.969686716999959, 36.529145088000064 ], [ -106.973662495999974, 36.531463232000071 ], [ -106.97393253499996, 36.536250528000039 ], [ -106.972656906999987, 36.536791649000072 ], [ -106.973146469999961, 36.53827586500006 ], [ -106.977367820999973, 36.53913870100007 ], [ -106.973764123999956, 36.547883062000039 ], [ -106.985198740999977, 36.551660148000053 ], [ -106.988957351999943, 36.558072655000046 ], [ -106.983611857999961, 36.566992790000029 ], [ -106.983980839999958, 36.56879374500005 ], [ -106.975590174999979, 36.573210181000043 ], [ -106.974373226999944, 36.578557136000029 ], [ -106.972263221999981, 36.58692744800004 ], [ -106.982952900999976, 36.594161396000054 ], [ -106.987269350999966, 36.600753790000056 ], [ -106.987009744999966, 36.605592615000027 ], [ -106.988288055999988, 36.610316939000029 ], [ -106.992909622999946, 36.609489269000051 ], [ -107.000870778999968, 36.613758869000044 ], [ -107.001951055999939, 36.629532346000069 ], [ -106.999336228999937, 36.632663557000058 ], [ -106.995982333999962, 36.634592633000068 ], [ -106.997569368999962, 36.646500927000034 ], [ -106.99422569799998, 36.654687179000064 ], [ -106.998121994999963, 36.658306522000039 ], [ -106.999817269999937, 36.658644570000035 ], [ -106.996650862999957, 36.659446550000048 ], [ -106.99088593, 36.661217405000059 ], [ -106.984268859999986, 36.664652481000076 ], [ -106.981471076, 36.663979277000074 ], [ -106.976825399999939, 36.666642920000072 ], [ -106.966936332, 36.66970698700004 ], [ -106.965832155999976, 36.673197674000043 ], [ -106.968565328999944, 36.677012848000061 ], [ -106.966026973999988, 36.679348427000043 ], [ -106.967603131999965, 36.68569378900002 ], [ -106.960073125999941, 36.691195658000026 ], [ -106.959056300999976, 36.693979433000038 ], [ -106.951758456, 36.69883578200006 ], [ -106.94868693899997, 36.705659859000043 ], [ -106.95419119099995, 36.712994181000056 ], [ -106.953401132999943, 36.720551306000061 ], [ -106.949682278999958, 36.726239051000043 ], [ -106.948537125999962, 36.731203821000072 ], [ -106.946047736999958, 36.737326232000044 ], [ -106.943426443999954, 36.740960925000024 ], [ -106.94273276499996, 36.745465188000026 ], [ -106.931794624999952, 36.750970394000028 ], [ -106.928015004999963, 36.75435555200005 ], [ -106.927917015999981, 36.761405619000072 ], [ -106.929411244999983, 36.765513870000063 ], [ -106.931722475999948, 36.773429517000068 ], [ -106.935859308999966, 36.782863413000037 ], [ -106.941405640999974, 36.78817648200004 ], [ -106.939079898, 36.792013235000077 ], [ -106.935475366999981, 36.792860962000077 ], [ -106.936892944999954, 36.797979809000033 ], [ -106.93636007899994, 36.801372952000065 ], [ -106.937361973999955, 36.803636916000073 ], [ -106.935158687999945, 36.804170974000044 ], [ -106.928636775999962, 36.805892595000053 ], [ -106.924657478999961, 36.810310254000058 ], [ -106.919484391999973, 36.810441354000034 ], [ -106.918007417999945, 36.812450419000065 ], [ -106.91003249399995, 36.809690098000033 ], [ -106.905393343999947, 36.807650934000037 ], [ -106.892531761999976, 36.814068657000071 ], [ -106.895325014999969, 36.808825653000042 ], [ -106.888274767999974, 36.807106118000036 ], [ -106.878402446999985, 36.805232239000077 ], [ -106.872739051999986, 36.805544567000027 ], [ -106.86703429, 36.809129281000025 ], [ -106.865519675999963, 36.809056235000071 ], [ -106.863957138999979, 36.811942472000062 ], [ -106.853516698999954, 36.815185829000029 ], [ -106.851315796999984, 36.818012194000062 ], [ -106.847708612999952, 36.823053197000043 ], [ -106.842371998999965, 36.822076456000048 ], [ -106.829867984999964, 36.825406181000062 ], [ -106.82325315099996, 36.836046805000088 ], [ -106.814525450999952, 36.843235603000046 ], [ -106.81014745799996, 36.84498747400005 ], [ -106.802451365999957, 36.853356563000034 ], [ -106.800322674999961, 36.858639026000056 ], [ -106.793514541999969, 36.862807032000035 ], [ -106.790163299999961, 36.865936841000071 ], [ -106.785076221999987, 36.870469447000062 ], [ -106.779599446999953, 36.86848970800002 ], [ -106.775597798999968, 36.864018109000028 ], [ -106.757573052999987, 36.868008492000058 ], [ -106.741181236999978, 36.88252946800003 ], [ -106.73823998599994, 36.884670319000072 ], [ -106.734008441999947, 36.885735186000026 ], [ -106.725152650999974, 36.887157502000044 ], [ -106.721903839, 36.889548127000069 ], [ -106.722276606999969, 36.893336181000052 ], [ -106.718376465999938, 36.897839790000035 ], [ -106.71393827299994, 36.898498601000036 ], [ -106.710083788999953, 36.896627759000069 ], [ -106.700874214999942, 36.902183599000068 ], [ -106.703094786999941, 36.911890902000039 ], [ -106.700132496, 36.917634288000045 ], [ -106.702773667999963, 36.922585378000065 ], [ -106.706442095999989, 36.924948434000044 ], [ -106.705230632999985, 36.936962706000031 ], [ -106.710002402999976, 36.940073323000036 ], [ -106.714631657999973, 36.939743143000037 ], [ -106.717551988999958, 36.941668045000029 ], [ -106.714297992999946, 36.94979803100005 ], [ -106.720627710999963, 36.955612375000037 ], [ -106.726683096, 36.958323135000057 ], [ -106.733289616999969, 36.959954811000046 ], [ -106.725209906999964, 36.966449970000035 ], [ -106.720876357999941, 36.975431290000081 ], [ -106.721022164999965, 36.979705998000043 ], [ -106.718557197999985, 36.985665714000049 ], [ -106.711526308999964, 36.985386513000037 ], [ -106.698513272999946, 36.991311328000052 ], [ -106.696994665999966, 36.997282470000073 ], [ -106.688339440999982, 37.006814376000086 ], [ -106.692039498999975, 37.015976465000051 ], [ -106.691691416999973, 37.020932695000063 ], [ -106.691084772999943, 37.036763359000076 ], [ -106.690322040999945, 37.039929277000056 ], [ -106.688505951999957, 37.040449865000035 ], [ -106.686005906, 37.037121593000052 ], [ -106.681518710999981, 37.037602612000057 ], [ -106.675764816999958, 37.037300096000024 ], [ -106.670300828999984, 37.033120334000046 ], [ -106.647894434999955, 37.031113290000071 ], [ -106.641311721999955, 37.031939074000043 ], [ -106.637368805999984, 37.036434038000031 ], [ -106.630100334999952, 37.040273488000025 ], [ -106.631786341999941, 37.04389647000005 ], [ -106.634725888999981, 37.05041777200006 ], [ -106.639976125999965, 37.054545578000045 ], [ -106.637766755999962, 37.057442337000055 ], [ -106.637007308999955, 37.063446683000052 ], [ -106.632103124999958, 37.072347319000073 ], [ -106.629099173999975, 37.077048500000046 ], [ -106.626521490999949, 37.088206177000075 ], [ -106.623081429999957, 37.100304172000058 ], [ -106.626855112999976, 37.105756368000073 ], [ -106.626427743999955, 37.111571698000034 ], [ -106.62584682499994, 37.118059850000066 ], [ -106.611983437, 37.135698747000049 ], [ -106.597114209999972, 37.138537618000043 ], [ -106.592543325999941, 37.137330433000045 ], [ -106.588223552999978, 37.138348903000065 ], [ -106.592115523999951, 37.147574065000079 ], [ -106.593961273, 37.150776555000057 ], [ -106.590621042999942, 37.165955746000066 ], [ -106.593769526999949, 37.168661376000053 ], [ -106.594046901999945, 37.174700927000053 ], [ -106.591025276999972, 37.177994353000031 ], [ -106.591437747999976, 37.196293920000073 ], [ -106.594425850999983, 37.207901027000048 ], [ -106.597366243999943, 37.207081088000059 ], [ -106.599082344999957, 37.206037765000083 ], [ -106.603214501999958, 37.212516077000039 ], [ -106.604348954999978, 37.213991173000068 ], [ -106.605326569999988, 37.221430457000054 ], [ -106.608742467999946, 37.220181395000054 ], [ -106.617288468999959, 37.218343042000079 ], [ -106.623051615999941, 37.220708657000046 ], [ -106.625508422999985, 37.219514220000065 ], [ -106.629719091999959, 37.220909357000039 ], [ -106.631614956999954, 37.223641292000025 ], [ -106.630630118999989, 37.227106877000033 ], [ -106.63477930099998, 37.232917246000056 ], [ -106.632087248999937, 37.235099482000074 ], [ -106.629960311, 37.235786721000068 ], [ -106.631458808, 37.240461924000051 ], [ -106.635557246999952, 37.244407248000073 ], [ -106.634910204, 37.256719193000038 ], [ -106.648164755999971, 37.256748234000042 ], [ -106.650521425999955, 37.255169943000055 ], [ -106.659063577999973, 37.255238753000064 ], [ -106.663281424, 37.25331271400006 ], [ -106.669002283999987, 37.255687597000076 ], [ -106.67888166299997, 37.255906425000035 ], [ -106.685891779999963, 37.259128194000027 ], [ -106.686413869999967, 37.262162313000033 ], [ -106.689212103999978, 37.265699200000036 ], [ -106.693811872999959, 37.27299469900003 ], [ -106.691780304999966, 37.278800042000057 ], [ -106.687306991999947, 37.282607562000074 ], [ -106.682368557999951, 37.294180639000039 ], [ -106.681262835999974, 37.295983403000037 ], [ -106.676668000999939, 37.298087509000027 ], [ -106.675237529999947, 37.302501345000046 ], [ -106.671007084999985, 37.304905498000039 ], [ -106.666494259, 37.308907271000066 ], [ -106.663676091999946, 37.311074007000059 ], [ -106.666444857999977, 37.315962021000075 ], [ -106.667103485999974, 37.32117756100007 ], [ -106.674939093999967, 37.323256862000051 ], [ -106.681887934999963, 37.325751531000037 ], [ -106.690568626999948, 37.323825276000029 ], [ -106.700125639999953, 37.328249081000024 ], [ -106.706633955999962, 37.332527382000087 ], [ -106.70640771799998, 37.337832899000034 ], [ -106.701155290999964, 37.343863008000028 ], [ -106.696880782999983, 37.350587207000046 ], [ -106.698326254999984, 37.356275316000051 ], [ -106.697883612999988, 37.365399138000043 ], [ -106.699248438999973, 37.369415400000044 ], [ -106.690585605999956, 37.372891813000024 ], [ -106.686220106999954, 37.372168783000063 ], [ -106.681498114999954, 37.377086645000077 ], [ -106.680780833999961, 37.382387496000035 ], [ -106.679243289999988, 37.389207189000054 ], [ -106.673030986999947, 37.393466209000053 ], [ -106.670015263999971, 37.39506639800004 ], [ -106.670136174, 37.401469600000041 ], [ -106.664447411999959, 37.400476176000041 ], [ -106.660751948999973, 37.407248847000062 ], [ -106.653853590999972, 37.407976374000043 ], [ -106.646280675999947, 37.405004113000075 ], [ -106.64126913299998, 37.408221544000064 ], [ -106.644501264999974, 37.413766915000053 ], [ -106.64884482399998, 37.416975068000056 ], [ -106.65058935199994, 37.421166214000039 ], [ -106.656163240999945, 37.42346629900004 ], [ -106.66031126999998, 37.429243063000058 ], [ -106.672467289999986, 37.432067910000058 ], [ -106.681421229999955, 37.43583758300008 ], [ -106.682632377999937, 37.437827273000046 ], [ -106.689793102999943, 37.440427782000029 ], [ -106.702036228999987, 37.451394320000077 ], [ -106.707412180999953, 37.444824072000074 ], [ -106.715397012999972, 37.441709959000036 ], [ -106.723002019999967, 37.445831205000047 ], [ -106.726365167999973, 37.446309221000028 ], [ -106.732181845999946, 37.457007980000064 ], [ -106.736418443, 37.459942330000047 ], [ -106.743409385999939, 37.460935263000067 ], [ -106.748830522999981, 37.459293222000042 ], [ -106.754778451999982, 37.462207264000028 ], [ -106.757915653999987, 37.46435243600007 ], [ -106.764264521999962, 37.462984426000055 ], [ -106.769202846999974, 37.454705202000071 ], [ -106.770677522999961, 37.451027532000069 ], [ -106.774377312999945, 37.450199413000057 ], [ -106.784311894999973, 37.454792744000031 ], [ -106.798151651999945, 37.456790516000069 ], [ -106.806724474999953, 37.466269769000064 ], [ -106.80035854, 37.481704376000039 ], [ -106.803492868999967, 37.485127230000046 ], [ -106.803470899999979, 37.488232495000034 ], [ -106.800270657999988, 37.492245753000077 ], [ -106.802261079999937, 37.492901006000068 ], [ -106.807050750999963, 37.493449806000065 ], [ -106.816812227999947, 37.49880772900007 ], [ -106.825755887999946, 37.494912045000035 ], [ -106.83001300899997, 37.496009808000053 ], [ -106.837776730999963, 37.500336563000069 ], [ -106.846135333999939, 37.498464811000076 ], [ -106.851966262999952, 37.492280236000056 ], [ -106.861821317999954, 37.496975134000031 ], [ -106.875393509999981, 37.500501433000068 ], [ -106.883278322999956, 37.510244480000047 ], [ -106.884356561999951, 37.512398459000053 ], [ -106.888056945999949, 37.516803751000054 ], [ -106.882385443999965, 37.523411223000039 ], [ -106.883855523999955, 37.532462453000051 ], [ -106.883718554999973, 37.537371600000029 ], [ -106.881084620999957, 37.54260380900007 ], [ -106.879073482999956, 37.544432973000021 ], [ -106.881530981999958, 37.54899011100008 ], [ -106.879563141999938, 37.553563685000029 ], [ -106.881419282999957, 37.561203607000046 ], [ -106.892309703999956, 37.565750456000046 ], [ -106.89508624299998, 37.564050905000045 ], [ -106.910740962999967, 37.564609400000052 ], [ -106.913449303999982, 37.567238811000038 ], [ -106.922018085, 37.570084274000074 ], [ -106.937925064999945, 37.567530941000037 ], [ -106.941192968999985, 37.567273955000076 ], [ -106.949051256999951, 37.57078535800008 ], [ -106.958854156999962, 37.56782444300007 ], [ -106.969076521999966, 37.565241373000049 ], [ -106.975668417999941, 37.566440367000041 ], [ -106.977191391999952, 37.568803086000059 ], [ -106.982689643999962, 37.57115801100008 ], [ -106.993224063999946, 37.571134053000037 ], [ -106.995867094999937, 37.571670782000069 ], [ -106.999183166999956, 37.569397132000063 ], [ -107.003323770999941, 37.572961425000074 ], [ -107.007375818999961, 37.573487483000065 ], [ -107.014927359999945, 37.570167789000038 ], [ -107.01427737399996, 37.567779157000075 ], [ -107.020268144999989, 37.562386576000051 ], [ -107.033156885999972, 37.561750549000067 ], [ -107.042304373999968, 37.561754750000034 ], [ -107.044824509999955, 37.560350249000066 ], [ -107.045831427999985, 37.562396585000045 ], [ -107.047803343999988, 37.568239916000039 ], [ -107.048397801999954, 37.569737535000058 ], [ -107.064346514999954, 37.572014312000078 ], [ -107.076961692999987, 37.568778676000079 ], [ -107.093146664999949, 37.573885891000032 ], [ -107.093884230999947, 37.58585917500006 ], [ -107.091714359999969, 37.594819308000069 ], [ -107.099065723999971, 37.599341851000077 ], [ -107.105730903999984, 37.599727322000035 ], [ -107.109792509999977, 37.607618665000068 ], [ -107.112682459, 37.607666037000058 ], [ -107.118184412999938, 37.60393717900007 ], [ -107.126644336999959, 37.603503872000033 ], [ -107.134067237999943, 37.602441523000039 ], [ -107.137584639999943, 37.601113894000029 ], [ -107.142203523999967, 37.610458828000048 ], [ -107.142724446999978, 37.615193658000067 ], [ -107.143944852999937, 37.618628038000054 ], [ -107.140012522999939, 37.623410204000045 ], [ -107.14623503599995, 37.63050013600008 ], [ -107.146837418999951, 37.633318909000025 ], [ -107.153577558999984, 37.636871475000071 ], [ -107.162170267999954, 37.633974781000063 ], [ -107.164415129999966, 37.635680341000061 ], [ -107.174020195999958, 37.632131478000076 ], [ -107.176500779999969, 37.627943225000024 ], [ -107.182617556999958, 37.628966372000036 ], [ -107.194737466999982, 37.625512592000071 ], [ -107.199597915999959, 37.625398945000029 ], [ -107.201587288999974, 37.620761688000073 ], [ -107.198400368999955, 37.61509348900006 ], [ -107.204187649999938, 37.60794250400005 ], [ -107.207516619999979, 37.60684793300004 ], [ -107.208357023999966, 37.603858277000029 ], [ -107.213258003999954, 37.604117857000062 ], [ -107.219679151999969, 37.600007921000042 ], [ -107.221635898, 37.597507799000027 ], [ -107.223808641999938, 37.59440281500008 ], [ -107.232390141999986, 37.596187222000026 ], [ -107.246110363999946, 37.606506575000026 ], [ -107.251729707999971, 37.61172266300008 ], [ -107.251822865999941, 37.613814060000038 ], [ -107.256653827999969, 37.617449886000038 ], [ -107.259496792, 37.62098082600005 ], [ -107.25655659499995, 37.626640492000035 ], [ -107.259154434, 37.62910824800008 ], [ -107.265678058999981, 37.630040698000066 ], [ -107.269809126, 37.636482493000074 ], [ -107.278859772999979, 37.641069312000063 ], [ -107.278313841999989, 37.647429656000043 ], [ -107.277366917999984, 37.65198087400006 ], [ -107.276135526999951, 37.654393044000081 ], [ -107.285923976, 37.664948145000039 ], [ -107.289558719999945, 37.669463789000076 ], [ -107.290212465999957, 37.671332985000049 ], [ -107.279834248999975, 37.674127431000045 ], [ -107.272715791999985, 37.680023021000075 ], [ -107.272967794999943, 37.687908764000042 ], [ -107.268835464999938, 37.694449750000054 ], [ -107.269776045999947, 37.695773968000026 ], [ -107.281588933999956, 37.692815777000078 ], [ -107.283002030999967, 37.69095733000006 ], [ -107.287866924999946, 37.690524488000051 ], [ -107.294273813999951, 37.683089285000044 ], [ -107.307618790999982, 37.677838747000067 ], [ -107.313559201999979, 37.680273502000034 ], [ -107.325340848999986, 37.683408707000069 ], [ -107.335787053999979, 37.679894928000067 ], [ -107.341050049999978, 37.679871038000044 ], [ -107.345290475999946, 37.678871179000055 ], [ -107.373210106999977, 37.68650970700002 ], [ -107.375105616, 37.687633855000051 ], [ -107.390044172999978, 37.679654378000066 ], [ -107.393646886999989, 37.678508907000037 ], [ -107.39377002599997, 37.66611559200004 ], [ -107.398434686999963, 37.655620160000076 ], [ -107.398250628999961, 37.652822662000069 ], [ -107.407509794999953, 37.649642131000064 ], [ -107.423680951999984, 37.650284076000048 ], [ -107.427701029, 37.64338796800007 ], [ -107.435391376999974, 37.638228742000024 ], [ -107.441545424999958, 37.637218351000058 ], [ -107.440300090999983, 37.634829058000037 ], [ -107.442587945999946, 37.632375626000055 ], [ -107.45440059699996, 37.633932639000086 ], [ -107.456015224999987, 37.63100634400007 ], [ -107.456034771999953, 37.629879508000045 ], [ -107.463873342999989, 37.630142475000078 ], [ -107.484490222999966, 37.64464784300003 ], [ -107.491809988999989, 37.653090208000037 ], [ -107.490021551999973, 37.659684412000047 ], [ -107.498215240999969, 37.670459660000056 ], [ -107.498548317999962, 37.675680854000063 ], [ -107.50168843299997, 37.678265904000057 ], [ -107.500499873999956, 37.681122193000071 ], [ -107.502676754, 37.688899381000056 ], [ -107.502903876999937, 37.69148670800007 ], [ -107.508564834999959, 37.695259209000028 ], [ -107.509178913999961, 37.697327732000076 ], [ -107.519821707999938, 37.702507375000039 ], [ -107.520985888999974, 37.706095751000085 ], [ -107.529928033999965, 37.706210706000036 ], [ -107.532516365999982, 37.705614420000067 ], [ -107.536846688999958, 37.709206860000052 ], [ -107.534505204999959, 37.715384862000064 ], [ -107.537021749999951, 37.72370397800006 ], [ -107.542451436999954, 37.724846599000053 ], [ -107.542761011999971, 37.730580033000024 ], [ -107.543364168999972, 37.73385048200003 ], [ -107.548480199999986, 37.737019588000059 ], [ -107.552928711999982, 37.747372182000049 ], [ -107.555238497999937, 37.755995870000056 ], [ -107.559151792999955, 37.764269700000057 ], [ -107.557065811999962, 37.769248892000057 ], [ -107.556541551999942, 37.773403754000064 ], [ -107.553460345999952, 37.783017748000077 ], [ -107.555283796999959, 37.78694093200005 ], [ -107.552269681, 37.791715223000047 ], [ -107.543821743999956, 37.800130073000048 ], [ -107.532548775999942, 37.802782587000024 ], [ -107.53013727299998, 37.801300972000035 ], [ -107.531051366999975, 37.805257130000037 ], [ -107.526830657999938, 37.810376652000052 ], [ -107.524484253999958, 37.81404689000005 ], [ -107.518554520999942, 37.816103068000075 ], [ -107.522477085999981, 37.823456329000059 ], [ -107.516893182, 37.827475121000077 ], [ -107.516115089999971, 37.834747441000047 ], [ -107.507388016999982, 37.840841902000079 ], [ -107.499989802999949, 37.840796921000049 ], [ -107.49983485599995, 37.844654577000028 ], [ -107.49423367199995, 37.849830159000071 ], [ -107.485379922999982, 37.845733676000066 ], [ -107.477349078999964, 37.845366562000038 ], [ -107.475235339999983, 37.847160863000063 ], [ -107.473343235999948, 37.846496321000075 ], [ -107.470573398999989, 37.84753352000007 ], [ -107.46767155699996, 37.846124789000051 ], [ -107.463987870999972, 37.857015510000053 ], [ -107.457688169999983, 37.855134184000065 ], [ -107.450422853999953, 37.847232192000028 ], [ -107.445496289999937, 37.84876745400004 ], [ -107.445723656999974, 37.84413459700005 ], [ -107.443101741999953, 37.845605893000027 ], [ -107.439928560999988, 37.844711390000043 ], [ -107.432119948999969, 37.849774560000071 ], [ -107.430549771999949, 37.852835343000031 ], [ -107.424674602, 37.859229521000032 ], [ -107.416134863999957, 37.857213692000073 ], [ -107.405052233999982, 37.856845358000044 ], [ -107.398039861999962, 37.856817859000046 ], [ -107.389450503999967, 37.855324943000028 ], [ -107.380382505999989, 37.860483491000025 ], [ -107.375087170999961, 37.855832411000051 ], [ -107.363345653999943, 37.857622155000065 ], [ -107.359453541, 37.859030784000026 ], [ -107.348564691999968, 37.856875095000071 ], [ -107.344264695, 37.865957521000041 ], [ -107.333661893999988, 37.876707268000075 ], [ -107.326520523999989, 37.88111536200006 ], [ -107.318690034999975, 37.888946413000042 ], [ -107.315462264999951, 37.892056646000071 ], [ -107.309510983999985, 37.891263871000035 ], [ -107.306126963999986, 37.895561817000043 ], [ -107.299892523, 37.900436638000031 ], [ -107.297464145999982, 37.906628141000063 ], [ -107.293484786999954, 37.908841098000039 ], [ -107.289434294999978, 37.915596736000062 ], [ -107.284715066, 37.919397894000042 ], [ -107.283692618999964, 37.922286836000069 ], [ -107.278574938999952, 37.928255143000058 ], [ -107.27633299699994, 37.930525659000068 ], [ -107.271096847999956, 37.934419389000027 ], [ -107.266692748999958, 37.938044747000049 ], [ -107.257889615999943, 37.933047198000054 ], [ -107.252592776999961, 37.929143237000062 ], [ -107.231069166999987, 37.928187444000059 ], [ -107.225073041999963, 37.92601667100007 ], [ -107.220216194999978, 37.928472258000049 ], [ -107.201801909999972, 37.929819766000037 ], [ -107.197167655999976, 37.935151008000048 ], [ -107.184882723999976, 37.936527731000069 ], [ -107.179940902999988, 37.935844259000071 ], [ -107.16732363899996, 37.938102679000053 ], [ -107.147864666999965, 37.940072677000039 ], [ -107.131746435999958, 37.937072003000026 ], [ -107.117962483999975, 37.942286112000033 ], [ -107.111427936999988, 37.942798 ], [ -107.10545478399996, 37.948593377000066 ], [ -107.103501319999964, 37.953918090000059 ], [ -107.102169501999981, 37.954707873000082 ], [ -107.098085415999947, 37.951021159000049 ], [ -107.091193264999959, 37.949317608000058 ], [ -107.083618608999984, 37.953708205000055 ], [ -107.073041670999956, 37.954575857000066 ], [ -107.067594365, 37.961377976000051 ], [ -107.060659005, 37.95946137400005 ], [ -107.055594351999957, 37.951304379000078 ], [ -107.048734743999944, 37.951413251000076 ], [ -107.041433742999985, 37.948462543000069 ], [ -107.031904687999941, 37.950237938000043 ], [ -107.030464819999978, 37.952691958000059 ], [ -107.025487565, 37.954413958000032 ], [ -107.014255408999986, 37.947987676000018 ], [ -107.007583421, 37.94713906700008 ], [ -107.005177563999951, 37.956725215000063 ], [ -107.001177191999943, 37.955684891000033 ], [ -106.994009462999941, 37.961249641000052 ], [ -106.989586933999988, 37.961018133000039 ], [ -106.986964133999948, 37.963792993000027 ], [ -106.987387664999972, 37.969145507000064 ], [ -106.976877725999941, 37.969289617000072 ], [ -106.967248495999968, 37.974848249000047 ], [ -106.961980733999951, 37.972655882000026 ], [ -106.961854782999978, 37.968037844000044 ], [ -106.954164219999939, 37.964019586000063 ], [ -106.951910801999986, 37.960117382000078 ], [ -106.950664638999967, 37.956880129000069 ], [ -106.944658947999983, 37.95251381700006 ], [ -106.936550720999946, 37.95747779800007 ], [ -106.93496165199997, 37.960505553000068 ], [ -106.925459401999944, 37.964500465000071 ], [ -106.920511504, 37.967056251000031 ], [ -106.91085785599995, 37.96591911400003 ], [ -106.908390060999977, 37.963377336000065 ], [ -106.896208739999963, 37.96772421400005 ], [ -106.886936380999941, 37.961249695000049 ], [ -106.879918737999958, 37.960465384000038 ], [ -106.878284158999975, 37.956269494000026 ], [ -106.879547005999953, 37.94999516200005 ], [ -106.87112175599998, 37.941775538000059 ], [ -106.855977328999984, 37.952243818000056 ], [ -106.851604580999947, 37.95630370300006 ], [ -106.846394749999945, 37.956801376000044 ], [ -106.823214880999956, 37.954905242000045 ], [ -106.816430152999956, 37.955723799000054 ], [ -106.810243042999957, 37.965482893000058 ], [ -106.808577514999982, 37.970906589000037 ], [ -106.803246964999971, 37.972186998000041 ], [ -106.801680934, 37.985472349000077 ], [ -106.797980706999965, 37.988919204000069 ], [ -106.795063979999952, 37.989578792000032 ], [ -106.786774115999947, 37.999407060000074 ], [ -106.783238444999952, 38.000228512000035 ], [ -106.782214738999983, 38.002128526000035 ], [ -106.795282378999957, 38.007436944000062 ], [ -106.808464682999954, 38.016194496000026 ], [ -106.80497543499996, 38.032530880000024 ], [ -106.798751049999964, 38.039245418000064 ], [ -106.793988322999951, 38.046685914000079 ], [ -106.787315181999986, 38.051752657000065 ], [ -106.784783254999979, 38.055431924000061 ], [ -106.779549453999948, 38.061450093000076 ], [ -106.774492671999951, 38.067753742000036 ], [ -106.767490845999987, 38.074675504000027 ], [ -106.766362594999975, 38.080331445000063 ], [ -106.758023658999946, 38.086265780000076 ], [ -106.753283978999946, 38.085645154000076 ], [ -106.748329018, 38.090639449000037 ], [ -106.744376878999958, 38.093478277000031 ], [ -106.736525313999948, 38.091007569000055 ], [ -106.731181694999975, 38.090731136000045 ], [ -106.723337944999969, 38.091269983000068 ], [ -106.718694846999938, 38.09068912500004 ], [ -106.707442404999938, 38.083904981000046 ], [ -106.704215972999975, 38.080473212000072 ], [ -106.683958181999969, 38.081811190000053 ], [ -106.682117393999988, 38.084810932000039 ], [ -106.670061178999958, 38.087118734000057 ], [ -106.671759012999985, 38.090077552000025 ], [ -106.670623619999958, 38.094302292000066 ], [ -106.662603967999985, 38.098192050000073 ], [ -106.659860339999966, 38.102998100000036 ], [ -106.656779322999967, 38.104059732000053 ], [ -106.654735460999973, 38.107092862000066 ], [ -106.655565388999946, 38.109234265000062 ], [ -106.650363269999957, 38.110683999000059 ], [ -106.648343047999958, 38.110270516000064 ], [ -106.644674088999977, 38.115279084000065 ], [ -106.643545393999943, 38.114877615000069 ], [ -106.640881810999986, 38.12023432400008 ], [ -106.633618083999977, 38.125481405000073 ], [ -106.632140250999953, 38.128531890000041 ], [ -106.630048081999973, 38.130649798000043 ], [ -106.624531051999952, 38.130356737000064 ], [ -106.619248263999964, 38.131989260000068 ], [ -106.614572745999965, 38.13173650300007 ], [ -106.609472816999983, 38.137187854000047 ], [ -106.607421614999964, 38.14385191100007 ], [ -106.603205008999964, 38.145286534000036 ], [ -106.602932793999969, 38.150230687000033 ], [ -106.599134517999971, 38.153420331000063 ], [ -106.597715964999963, 38.158154753000076 ], [ -106.601103069999965, 38.166111782000037 ], [ -106.600977769999986, 38.171980262000034 ], [ -106.597758960999954, 38.178217089000043 ], [ -106.597207825999988, 38.183307328000069 ], [ -106.597781292999983, 38.189074085000073 ], [ -106.58699282699996, 38.19031297600003 ], [ -106.579281427999945, 38.205772196000055 ], [ -106.573419334999983, 38.21381860200006 ], [ -106.555518523999979, 38.228914750000065 ], [ -106.560395494, 38.233926315000076 ], [ -106.558204849, 38.243318812000041 ], [ -106.55668335699994, 38.246401718000072 ], [ -106.559763911999937, 38.248931152000068 ], [ -106.558117725999978, 38.252124206000069 ], [ -106.555570738999961, 38.253776996000056 ], [ -106.550051979, 38.253550719000032 ], [ -106.542717668999956, 38.257760406000045 ], [ -106.539809156, 38.261145142000032 ], [ -106.534916450999958, 38.263686879000034 ], [ -106.526641300999984, 38.278507191000074 ], [ -106.522873520999966, 38.283483440000055 ], [ -106.519829309999977, 38.286188627000051 ], [ -106.517552959999989, 38.295995148000031 ], [ -106.513625628999989, 38.300645312000036 ], [ -106.505427705999978, 38.313904096000051 ], [ -106.502401194999948, 38.31535920400006 ], [ -106.494872273999988, 38.315734088000056 ], [ -106.486255455, 38.31615872500003 ], [ -106.477913208999951, 38.318467303000034 ], [ -106.474773532999961, 38.321394281000039 ], [ -106.47166339499995, 38.313221632000079 ], [ -106.465983186999949, 38.31412729900007 ], [ -106.462712438999972, 38.31054629700003 ], [ -106.457558272999961, 38.299782419000053 ], [ -106.451234842999952, 38.295996947000049 ], [ -106.444892763, 38.289734746000079 ], [ -106.440285809999978, 38.286957919000038 ], [ -106.437018808999952, 38.282706904000065 ], [ -106.426984344999937, 38.281720785000061 ], [ -106.421336502999964, 38.28121888000004 ], [ -106.41341171199997, 38.281698301000063 ], [ -106.408773457999985, 38.285543128000029 ], [ -106.397071408999977, 38.283169483000052 ], [ -106.394641950999983, 38.282417218000035 ], [ -106.384736139999973, 38.287091141000076 ], [ -106.381424306999975, 38.292237551000028 ], [ -106.366458258999955, 38.292277966000029 ], [ -106.356075230999977, 38.291299946000038 ], [ -106.345010202999958, 38.290591099000039 ], [ -106.338277392999942, 38.28722145800004 ], [ -106.333153431999961, 38.294344884000054 ], [ -106.324077330999955, 38.325500502000068 ], [ -106.318015997999979, 38.334804179000052 ], [ -106.317618419999974, 38.340594312000064 ], [ -106.313470801999983, 38.343090406000044 ], [ -106.308998126999938, 38.344138034000032 ], [ -106.28855419599995, 38.345816614000057 ], [ -106.269495330999973, 38.352772351000056 ], [ -106.253391353999973, 38.34778341100008 ], [ -106.24344690099997, 38.353663237000035 ], [ -106.242667048999976, 38.359741686000064 ], [ -106.237325128999942, 38.369140944000044 ], [ -106.240196690999937, 38.374844970000026 ], [ -106.237975271999971, 38.380176026000072 ], [ -106.24365794, 38.389188664000073 ], [ -106.252210489, 38.398803453000035 ], [ -106.251626231999978, 38.403941611000043 ], [ -106.246637904999943, 38.412154397000052 ], [ -106.245666034999957, 38.417366697000041 ], [ -106.244967641999949, 38.419202380000058 ], [ -106.24904116099998, 38.428442779000086 ], [ -106.248182928999938, 38.436317755000061 ], [ -106.245653479999987, 38.439023982000037 ], [ -106.262651610999967, 38.442119443000017 ], [ -106.266657079999959, 38.442490710000072 ], [ -106.271660655999938, 38.448158958000079 ], [ -106.272448167, 38.455161588000067 ], [ -106.281500662999974, 38.455089854000057 ], [ -106.289269841999953, 38.463412532000063 ], [ -106.29036096199998, 38.473196299000051 ], [ -106.29832799199994, 38.475757643000065 ], [ -106.303680001999965, 38.477514022000037 ], [ -106.312257156, 38.494687562000017 ], [ -106.318459932999986, 38.49537639700003 ], [ -106.319959074999986, 38.497098756000071 ], [ -106.328434067999979, 38.495894418000042 ], [ -106.330841707, 38.494001636000057 ], [ -106.338625092999962, 38.498833256000069 ], [ -106.340659973999948, 38.501898954000069 ], [ -106.345472070999961, 38.507080397000038 ], [ -106.34713983499995, 38.513687288000028 ], [ -106.342842863, 38.520489222000037 ], [ -106.349924838999982, 38.530933794000084 ], [ -106.354255407999972, 38.533521919000066 ], [ -106.353919239, 38.546316939000057 ], [ -106.351477100999944, 38.552093697000032 ], [ -106.346850466999967, 38.558990976000075 ], [ -106.346039646999941, 38.565940986000044 ], [ -106.345165278999957, 38.569394104000025 ], [ -106.352920710999967, 38.580506079000031 ], [ -106.352339490999952, 38.584335991000046 ], [ -106.360945681, 38.596228098000047 ], [ -106.359742379999943, 38.600366718000032 ], [ -106.364374128999941, 38.606694548000064 ], [ -106.364770098999955, 38.615349631000072 ], [ -106.374591679, 38.62093376200005 ], [ -106.380504079, 38.620491469000065 ], [ -106.386007801999938, 38.627166172000045 ], [ -106.384019982999973, 38.633804592000047 ], [ -106.380018732999986, 38.638563949000066 ], [ -106.387121542999978, 38.639876682000079 ], [ -106.390917669999965, 38.640705692000033 ], [ -106.401236322999978, 38.639879590000078 ], [ -106.402117008999937, 38.645922727000027 ], [ -106.411572991999947, 38.647237030000042 ], [ -106.417106878999959, 38.645000572000072 ], [ -106.429876055999955, 38.652636681000047 ], [ -106.429630522999958, 38.659406106000056 ], [ -106.432172501999958, 38.668170143000047 ], [ -106.435988287999976, 38.671610755000067 ], [ -106.437059727999952, 38.678163440000056 ], [ -106.440261925999963, 38.686933736000071 ], [ -106.445657385999937, 38.689001034000057 ], [ -106.451605862999941, 38.698094649000041 ], [ -106.448790258999963, 38.704495542000068 ], [ -106.444912900999952, 38.706615118000059 ], [ -106.443583935, 38.709274883000035 ], [ -106.43010652199996, 38.70930928100006 ], [ -106.424893468999983, 38.711257076000038 ], [ -106.42223783299994, 38.721691946000078 ], [ -106.416677534999977, 38.727530629000057 ], [ -106.417733867999971, 38.734485727000056 ], [ -106.419197684999972, 38.739325473000065 ], [ -106.418400958999939, 38.748646438000037 ], [ -106.419541218999939, 38.752261830000066 ], [ -106.415385392999951, 38.757879935000069 ], [ -106.417478071999952, 38.764788183000064 ], [ -106.418620473999965, 38.767116075000047 ], [ -106.413946051999972, 38.778618669000025 ], [ -106.416737161999947, 38.786907932000076 ], [ -106.412919888999966, 38.791542324000034 ], [ -106.414729514999976, 38.799425520000057 ], [ -106.420280743999967, 38.803894795000076 ], [ -106.422394737, 38.809237843000069 ], [ -106.414890993999961, 38.816014008000032 ], [ -106.415603694999959, 38.824304451000046 ], [ -106.406474161999938, 38.829192627000054 ], [ -106.395267721999971, 38.82252946400007 ], [ -106.383479361999946, 38.825544087000026 ], [ -106.381888579999952, 38.832820755000057 ], [ -106.377185161999989, 38.836280755000075 ], [ -106.370865671999979, 38.838171848000059 ], [ -106.364457326999968, 38.846440123000036 ], [ -106.364820756999961, 38.85328462800004 ], [ -106.349043157999972, 38.855499782000045 ], [ -106.349133632999951, 38.864159742000027 ], [ -106.34111897799994, 38.870462587000077 ], [ -106.335871218999955, 38.87195353900006 ], [ -106.335359495999967, 38.878927863000058 ], [ -106.334131758999945, 38.881086548000042 ], [ -106.327136719999956, 38.883211804000048 ], [ -106.324227503999964, 38.890958350000062 ], [ -106.320560235999949, 38.894658413000059 ], [ -106.324427459, 38.903589652000051 ], [ -106.325836341999945, 38.910284736000051 ], [ -106.335015687999942, 38.911687122000046 ], [ -106.339906081999985, 38.90863040000005 ], [ -106.345206909999945, 38.907229638000047 ], [ -106.358220650999954, 38.91287918300003 ], [ -106.365628778999962, 38.910053377000054 ], [ -106.368490405999978, 38.906945870000072 ], [ -106.373855118999984, 38.90722648600007 ], [ -106.37604993399998, 38.911650654000027 ], [ -106.377963742999953, 38.923488031000034 ], [ -106.381633904999944, 38.925260353000056 ], [ -106.392851316999952, 38.917723349000028 ], [ -106.393814134999957, 38.91235714100003 ], [ -106.403476502999979, 38.911168175000057 ], [ -106.409905594999941, 38.915244405000067 ], [ -106.416029221999963, 38.919515831000076 ], [ -106.419196721999981, 38.927554856000022 ], [ -106.423447879999969, 38.926881553000051 ], [ -106.431431200999953, 38.923338283000078 ], [ -106.437674801999947, 38.914896042000066 ], [ -106.443756644999951, 38.914728280000077 ], [ -106.456934221999973, 38.910742718000051 ], [ -106.466137998999955, 38.911185954000075 ], [ -106.474205376999976, 38.916017502000045 ], [ -106.481472455999949, 38.919755056000035 ], [ -106.490055800999983, 38.926976592000074 ], [ -106.492502497999965, 38.930301372000031 ], [ -106.504858143999968, 38.937987219000036 ], [ -106.506667310999944, 38.945514997000032 ], [ -106.515968126999951, 38.949332297000069 ], [ -106.519919536999964, 38.953885448000051 ], [ -106.526837881999938, 38.955768512000077 ], [ -106.528190974999973, 38.960333689000038 ], [ -106.521953973999985, 38.96860970400008 ], [ -106.528804932999947, 38.980711777000074 ], [ -106.537987172999976, 38.985024903000067 ], [ -106.547763800999974, 38.99127541200005 ], [ -106.551784926999972, 38.992852699000025 ], [ -106.554165402999956, 38.998607165000067 ], [ -106.560793079999939, 38.997814616000021 ], [ -106.56709280299998, 38.993851536000079 ], [ -106.570806356999981, 38.993886235000048 ], [ -106.577978381999969, 38.990805138000042 ], [ -106.58725203399996, 38.992483211000035 ], [ -106.595509091999986, 38.991389499000036 ], [ -106.598794432, 38.998361229000068 ], [ -106.594597203999967, 39.004434038000056 ], [ -106.594061300999954, 39.023254779000069 ], [ -106.591588960999957, 39.026392136000027 ], [ -106.595079910999971, 39.030555176000064 ], [ -106.599734224999978, 39.03452332300003 ], [ -106.596426927999971, 39.045025552000027 ], [ -106.583346988999949, 39.047463703000062 ], [ -106.57796773299998, 39.052137535000043 ], [ -106.578133367999953, 39.072799414000038 ], [ -106.579468232999943, 39.077903150000054 ], [ -106.576985953999952, 39.079404227000055 ], [ -106.585375197999952, 39.08490788600006 ], [ -106.586373426999955, 39.095535718000065 ], [ -106.575643346, 39.104083571000047 ], [ -106.56810588899998, 39.104788130000031 ], [ -106.563513045, 39.106612183000045 ], [ -106.564818939999952, 39.113195483000027 ], [ -106.558181184999981, 39.121400611000077 ], [ -106.560534423999968, 39.128501225000036 ], [ -106.564812121999978, 39.132782044000066 ], [ -106.559337975999938, 39.142269134000053 ], [ -106.562319958999979, 39.153292627000042 ], [ -106.559564022999965, 39.15633435400008 ], [ -106.550650147999988, 39.161074833000043 ], [ -106.537876983999979, 39.158240271000068 ], [ -106.535683697999957, 39.163041014000044 ], [ -106.524459019999938, 39.159018580000058 ], [ -106.521556815999986, 39.157756980000045 ], [ -106.509443608999973, 39.165370769000049 ], [ -106.508678732999954, 39.176855516000046 ], [ -106.499547311999947, 39.184068435000022 ], [ -106.497197623999966, 39.193596118000073 ], [ -106.494216124, 39.198936616000033 ], [ -106.494511941999974, 39.211801058000049 ], [ -106.493437068, 39.216754512000087 ], [ -106.492999814999962, 39.220418142000028 ], [ -106.49180503499997, 39.22368013100003 ], [ -106.490978974999962, 39.22667503200006 ], [ -106.490445222999938, 39.228394064000042 ], [ -106.498801898999943, 39.235209234000024 ], [ -106.49739700899994, 39.242663951000054 ], [ -106.487703001999989, 39.250069637000017 ], [ -106.484719295, 39.254761165000048 ], [ -106.481087736999939, 39.259967275000058 ], [ -106.483973353999943, 39.266326561000028 ], [ -106.483266882999942, 39.272178817000061 ], [ -106.490694499999961, 39.273678789000023 ], [ -106.494480675999981, 39.278069395000045 ], [ -106.498935572999983, 39.280033422000031 ], [ -106.504242158999944, 39.286340511000049 ], [ -106.501519058999975, 39.299986754000031 ], [ -106.492628171999968, 39.304154161000042 ], [ -106.484538956999984, 39.312778026000046 ], [ -106.477418600999954, 39.314661525000069 ], [ -106.471743059999952, 39.308123371000079 ], [ -106.468786986999987, 39.307791461000079 ], [ -106.465452033999952, 39.311490926000033 ], [ -106.457507484999951, 39.312681206000029 ], [ -106.453881482, 39.312793663000036 ], [ -106.451170653999952, 39.316434593000054 ], [ -106.441610057999981, 39.315748089000074 ], [ -106.43331600199997, 39.316790056000059 ], [ -106.42717270199995, 39.323771054000076 ], [ -106.42978609499994, 39.335422620000024 ], [ -106.433617351999942, 39.337895417000027 ], [ -106.434957473999987, 39.347471418000055 ], [ -106.431660025999975, 39.356328865000073 ], [ -106.424889939999957, 39.362382968000077 ], [ -106.413887828, 39.368933435000031 ], [ -106.406706988999986, 39.376439736000066 ], [ -106.402354796999987, 39.380361436000044 ], [ -106.396861187999946, 39.380065782000024 ], [ -106.388546176999967, 39.377741555000057 ], [ -106.380588510999985, 39.37630899100003 ], [ -106.376034565999987, 39.367371846000019 ], [ -106.369225612999969, 39.360707741000056 ], [ -106.363221897999949, 39.358714632000037 ], [ -106.358236438999938, 39.355719477000036 ], [ -106.350128078999944, 39.354371 ], [ -106.337470373999963, 39.35921480400004 ], [ -106.321933247999937, 39.359308471000077 ], [ -106.310279598999955, 39.36197340800004 ], [ -106.300189275999969, 39.359867673000053 ], [ -106.288068488999954, 39.352746232000072 ], [ -106.284236551, 39.349975676000049 ], [ -106.268400387999975, 39.35871376800003 ], [ -106.26204775399998, 39.359692888000041 ], [ -106.258411677999959, 39.361782145000063 ], [ -106.251022755999941, 39.357928763000075 ], [ -106.247689721999961, 39.362528315000077 ], [ -106.238281951999966, 39.366463484000057 ], [ -106.233469640999942, 39.37289088700004 ], [ -106.227760760999956, 39.374062755000061 ], [ -106.224745845999962, 39.381630156000028 ], [ -106.21252037, 39.383054 ], [ -106.206127562999953, 39.378720674000078 ], [ -106.197964403999947, 39.36832928900003 ], [ -106.18397353499995, 39.366783411000029 ], [ -106.178362661999984, 39.366652790000046 ], [ -106.173202008999965, 39.367799395000084 ], [ -106.17024489399995, 39.36636538700003 ], [ -106.159706296999957, 39.361982830000045 ], [ -106.152468635999981, 39.363414330000069 ], [ -106.147877996999966, 39.368093863000063 ], [ -106.141975831999957, 39.369665790000056 ], [ -106.138582160999988, 39.373465786000054 ], [ -106.13540355799995, 39.379543600000034 ], [ -106.115005479, 39.376534614000036 ], [ -106.097358636999957, 39.377880670000025 ], [ -106.084367830999952, 39.369341316000032 ], [ -106.076423226999964, 39.369004573000041 ], [ -106.070122970999989, 39.365755064000048 ], [ -106.055976658999953, 39.358624926000061 ], [ -106.042309865, 39.357739695000085 ], [ -106.028320943999972, 39.360527983000054 ], [ -106.019220070999964, 39.363284462000024 ], [ -106.017290912999954, 39.366968045000078 ], [ -106.017578409999942, 39.37925159100007 ], [ -106.017455791999964, 39.382443681000048 ], [ -106.013609163999945, 39.386963334000029 ], [ -106.007232266999949, 39.388230471000043 ], [ -105.998604752999938, 39.394014585000036 ], [ -105.994447140999966, 39.39766200300005 ], [ -105.992134227999941, 39.401907420000043 ], [ -105.983576633999974, 39.402595158000054 ], [ -105.97962929199997, 39.406867261000059 ], [ -105.956227426999988, 39.416123700000071 ], [ -105.952314605999959, 39.414941602000056 ], [ -105.954990641999984, 39.425038657000073 ], [ -105.956662887999983, 39.428188510000034 ], [ -105.962567068999988, 39.431008302000073 ], [ -105.966624988999968, 39.438516183000047 ], [ -105.958693746999984, 39.439821242000058 ], [ -105.954381725999951, 39.438628356000031 ], [ -105.944135264999957, 39.44077029400006 ], [ -105.943116278, 39.446914593000038 ], [ -105.939890390999949, 39.457178015000068 ], [ -105.936232053999959, 39.458333429000056 ], [ -105.924153108999974, 39.459021571000058 ], [ -105.91110826, 39.457455693000043 ], [ -105.90459911499994, 39.461414113000046 ], [ -105.901629955, 39.468704354000074 ], [ -105.892198906999965, 39.482582448000073 ], [ -105.891696359999969, 39.484183586000029 ], [ -105.879403453999942, 39.484014971000079 ], [ -105.877010656999971, 39.490801574000045 ], [ -105.872775652999962, 39.494572142000038 ], [ -105.866926121999938, 39.495003576000038 ], [ -105.862842560999979, 39.503187246000039 ], [ -105.856501838999975, 39.505706690000061 ], [ -105.861900903999981, 39.513204368000061 ], [ -105.867503633999945, 39.517872391000026 ], [ -105.866906224, 39.520855066000031 ], [ -105.863554095999973, 39.525646781000034 ], [ -105.858611382, 39.532079215000067 ], [ -105.852317525999979, 39.526630171000079 ], [ -105.845487960999947, 39.523878297000067 ], [ -105.841991847999964, 39.526899652000054 ], [ -105.82911956199996, 39.532150500000057 ], [ -105.822995055999968, 39.530396548000063 ], [ -105.818108610999957, 39.53987827900005 ], [ -105.81875974899998, 39.546367951000036 ], [ -105.816227127, 39.550974934000067 ], [ -105.817127905999939, 39.552420466000058 ], [ -105.824360525999964, 39.55457931400008 ], [ -105.828929755, 39.562776553000049 ], [ -105.831845707999946, 39.567046846000039 ], [ -105.837573718999977, 39.570063915000048 ], [ -105.838320067999973, 39.573003543000034 ], [ -105.831130016999964, 39.578349193000065 ], [ -105.820504896999978, 39.582549933000053 ], [ -105.816805397999985, 39.581422188000033 ], [ -105.807156643999974, 39.584375930000085 ], [ -105.800700501999984, 39.59356858700005 ], [ -105.794977906999975, 39.594876151000051 ], [ -105.789475927999945, 39.598534919000031 ], [ -105.78025764299997, 39.601776716000074 ], [ -105.775911405999977, 39.60612447900008 ], [ -105.777552194999942, 39.612499564000075 ], [ -105.782548661999968, 39.619358058000046 ], [ -105.782877535999944, 39.62935215300007 ], [ -105.793556904999946, 39.636309043000033 ], [ -105.814861304999965, 39.63424907600006 ], [ -105.817747657999973, 39.633878431000028 ], [ -105.821783225, 39.64261841800004 ], [ -105.82715994299997, 39.641424705000077 ], [ -105.836661645, 39.643003831000051 ], [ -105.842210144999967, 39.645983988000076 ], [ -105.848404957999946, 39.644122199000037 ], [ -105.855334984999971, 39.65161306300007 ], [ -105.857464351999965, 39.65801022900007 ], [ -105.862507321999942, 39.663923662000059 ], [ -105.866269747, 39.667100805000075 ], [ -105.877901622999971, 39.66415273400002 ], [ -105.886115277999977, 39.657360507000078 ], [ -105.894248834999985, 39.659740677000059 ], [ -105.897476607999977, 39.664482991000057 ], [ -105.907167137999977, 39.662992616000054 ], [ -105.911045439999953, 39.662335908000045 ], [ -105.926597541999968, 39.673546266000081 ], [ -105.925464441999964, 39.678909224000058 ], [ -105.920212856999967, 39.68734345300004 ], [ -105.920972245999963, 39.695510933000044 ], [ -105.924606825999945, 39.700363236000044 ], [ -105.921361646999969, 39.709857440000064 ], [ -105.912017706999961, 39.715833818000078 ], [ -105.908199921999937, 39.723190694000039 ], [ -105.906288715999949, 39.727783614000032 ], [ -105.889303015999985, 39.731675600000067 ], [ -105.88289438399994, 39.738749261000066 ], [ -105.882951193999986, 39.746979622000026 ], [ -105.884560699999952, 39.752990857000043 ], [ -105.880452420999973, 39.759175808000066 ], [ -105.882912568999984, 39.76373882900004 ], [ -105.886448777999988, 39.766194121000069 ], [ -105.892340978, 39.783421348000054 ], [ -105.887607498999955, 39.789483793000045 ], [ -105.88780841099998, 39.796458679000075 ], [ -105.874587102999968, 39.79899076400006 ], [ -105.87166328099994, 39.796796277000055 ], [ -105.85879592699996, 39.796201708000062 ], [ -105.85465663399998, 39.795102306000047 ], [ -105.850845878999962, 39.788301906000072 ], [ -105.840284189999977, 39.788810478000073 ], [ -105.82891393999995, 39.787486657000045 ], [ -105.822718938999969, 39.786197238000057 ], [ -105.81848284199998, 39.789790518000068 ], [ -105.810647446999951, 39.791544076000037 ], [ -105.807512107999969, 39.798178338000071 ], [ -105.801973844999964, 39.799344018000056 ], [ -105.799046592999957, 39.803314636000039 ], [ -105.793855879, 39.80185057500006 ], [ -105.789479989999975, 39.803126941000073 ], [ -105.782073940999965, 39.800840344000051 ], [ -105.774508864999973, 39.797259996000037 ], [ -105.763858880999976, 39.795069024000043 ], [ -105.748587476999944, 39.80121311400007 ], [ -105.738567870999987, 39.805008703000055 ], [ -105.737158437999952, 39.804990140000029 ], [ -105.731888293999987, 39.814132874000052 ], [ -105.723812030999966, 39.818660342000044 ], [ -105.723380242999951, 39.824971641000047 ], [ -105.719039732999988, 39.828827489000048 ], [ -105.716847800999972, 39.83548190100003 ], [ -105.713259986999958, 39.838107920000027 ], [ -105.702054603999969, 39.836889870000043 ], [ -105.69557085699995, 39.840278586000068 ], [ -105.691695015999983, 39.850564219000034 ], [ -105.691241387, 39.853141443000027 ], [ -105.697733855999957, 39.867566077000049 ], [ -105.697961802999941, 39.872754481000072 ], [ -105.70036067599996, 39.879128402000056 ], [ -105.69809165099997, 39.883836024000061 ], [ -105.699038845999951, 39.892471233000038 ], [ -105.691241862999959, 39.897527182000033 ], [ -105.689092370999958, 39.903216258000036 ], [ -105.687772562999953, 39.905404508000068 ], [ -105.687590843999942, 39.912244155000053 ], [ -105.683358093999971, 39.917080476000081 ], [ -105.679301644999953, 39.92736659600007 ], [ -105.676616106999973, 39.928681054000037 ], [ -105.676928385999986, 39.931615616000052 ], [ -105.675844986999948, 39.932522492000032 ], [ -105.682764153999983, 39.934919732000026 ], [ -105.693809019999946, 39.942282333000037 ], [ -105.692400382999949, 39.947111057000029 ], [ -105.693895184999974, 39.950958372000059 ], [ -105.688594420999948, 39.954918271000054 ], [ -105.685345923999989, 39.958743386000037 ], [ -105.688460390999978, 39.960820544000057 ], [ -105.689459003999957, 39.972455384000064 ], [ -105.684884478999948, 39.979554103000055 ], [ -105.686756585999944, 39.984557636000034 ], [ -105.684754830999964, 39.990989502000048 ], [ -105.683194607999951, 39.994431450000036 ], [ -105.691212052999958, 39.997032854000061 ], [ -105.689744563999966, 40.006186654000032 ], [ -105.689561019999985, 40.008169768000073 ], [ -105.688270217999957, 40.015512953000041 ], [ -105.678932682999971, 40.014377118000027 ], [ -105.66969678199996, 40.016899474000063 ], [ -105.661325139999974, 40.016812019000042 ], [ -105.655764494999971, 40.019873689000065 ], [ -105.651952570999981, 40.020955843000024 ], [ -105.651957294999988, 40.025433955000047 ], [ -105.642608022, 40.033801831000062 ], [ -105.639025065999988, 40.04016142100005 ], [ -105.638406514999986, 40.046665463000068 ], [ -105.645334275999971, 40.051256549000072 ], [ -105.651071243999979, 40.058110160000069 ], [ -105.645846320999965, 40.065759307000064 ], [ -105.640821488999961, 40.067706247000046 ], [ -105.639125203999981, 40.067321412000076 ], [ -105.64101246599995, 40.072707419000039 ], [ -105.635049023999954, 40.077241805000028 ], [ -105.633483677999948, 40.081098901000075 ], [ -105.635827422999967, 40.083578454000076 ], [ -105.634367319999967, 40.090350190000038 ], [ -105.634780031, 40.095228786000064 ], [ -105.632545211999968, 40.096079866000025 ], [ -105.636197695999968, 40.103621292000071 ], [ -105.635153980999974, 40.112395842000069 ], [ -105.629931874999954, 40.114823341000033 ], [ -105.627440286999956, 40.118636084000059 ], [ -105.628197653999962, 40.125219903000072 ], [ -105.626596076999988, 40.127599343000043 ], [ -105.63029679999994, 40.131920942000079 ], [ -105.62978325499995, 40.137716403000077 ], [ -105.635562430999983, 40.140638719000037 ], [ -105.636051797999983, 40.146298088000037 ], [ -105.647522020999986, 40.149053192000054 ], [ -105.64762421599994, 40.15020558100008 ], [ -105.655508864999959, 40.151145634000045 ], [ -105.662801034999987, 40.156592163000028 ], [ -105.667567212999984, 40.158251875000069 ], [ -105.66853690399995, 40.161820906000059 ], [ -105.671245614999989, 40.164572179000061 ], [ -105.668902685999967, 40.169559932000027 ], [ -105.667613327999959, 40.169998905000064 ], [ -105.66944521399995, 40.175668693000034 ], [ -105.669857773, 40.177719492000051 ], [ -105.671831746999956, 40.182112569000033 ], [ -105.670566289999954, 40.185078597000029 ], [ -105.677265161999969, 40.188183326000065 ], [ -105.677295410999989, 40.201240076000033 ], [ -105.676474146999965, 40.20295365100003 ], [ -105.67084570599998, 40.208768960000043 ], [ -105.67053929399998, 40.219241195000052 ], [ -105.665426836999984, 40.220144581000056 ], [ -105.664199617999941, 40.219889646000077 ], [ -105.669074949999981, 40.22401914000006 ], [ -105.667031559999941, 40.231438726000071 ], [ -105.66454007699997, 40.234912085000076 ], [ -105.664650404999975, 40.239537320000075 ], [ -105.660322281999981, 40.246895244000029 ], [ -105.658461858999942, 40.249519034000059 ], [ -105.644136479999986, 40.250022994000062 ], [ -105.651257544999964, 40.254478885000026 ], [ -105.653480950999949, 40.260394573000042 ], [ -105.664906468999959, 40.266163507000044 ], [ -105.673283601, 40.267930152000076 ], [ -105.678593882999962, 40.26824154600007 ], [ -105.682589822999944, 40.272628140000052 ], [ -105.680905738999968, 40.276286564000031 ], [ -105.680677689, 40.278716209000038 ], [ -105.680560654, 40.280979726000062 ], [ -105.681283224999959, 40.284809695000035 ], [ -105.686823188999938, 40.288091689000055 ], [ -105.683373280999945, 40.291547675000061 ], [ -105.687880267999958, 40.294723779000037 ], [ -105.687534804999984, 40.300260059000031 ], [ -105.687106120999943, 40.303119460000069 ], [ -105.69155822, 40.305553657000083 ], [ -105.69092040299995, 40.309152181000059 ], [ -105.699222310999971, 40.31055192600008 ], [ -105.702650825999967, 40.312754257000044 ], [ -105.697851164999975, 40.318804645000064 ], [ -105.700388764999957, 40.321266882000032 ], [ -105.716134084999965, 40.327756380000039 ], [ -105.729532408999958, 40.336473286000064 ], [ -105.731403929999942, 40.340228861000071 ], [ -105.736741551999955, 40.344580144000084 ], [ -105.736721398, 40.345997105000045 ], [ -105.743503043999965, 40.34879442600004 ], [ -105.748855224999943, 40.348054461000061 ], [ -105.752725979, 40.350570198000071 ], [ -105.759313588999987, 40.353600079000053 ], [ -105.761228904999953, 40.356580021000077 ], [ -105.765345769999954, 40.359164556000053 ], [ -105.768221257999983, 40.361819963000073 ], [ -105.769080182999971, 40.36377777000007 ], [ -105.774015332999966, 40.365546962000053 ], [ -105.779811002999963, 40.372075747000061 ], [ -105.781958832999976, 40.375359839000055 ], [ -105.783898267999973, 40.378757688000064 ], [ -105.788033048999978, 40.382925055000044 ], [ -105.790906894, 40.388780659000076 ], [ -105.791601756999967, 40.399402214000077 ], [ -105.800769780999985, 40.408338503000039 ], [ -105.804563949999988, 40.412420329000042 ], [ -105.816127152999968, 40.423168227000076 ], [ -105.817563394, 40.425948830000038 ], [ -105.814403149999976, 40.429468714000052 ], [ -105.815745656, 40.437571484000046 ], [ -105.811961520999944, 40.441630099000065 ], [ -105.805831631999979, 40.448132475000087 ], [ -105.80744520899998, 40.453018459000077 ], [ -105.804588292999938, 40.464528569000031 ], [ -105.811283235999952, 40.470791255000059 ], [ -105.807985459999941, 40.472066949000066 ], [ -105.808635927999944, 40.474255324000069 ], [ -105.824782963999951, 40.477621304000024 ], [ -105.836450708999962, 40.481393883000059 ], [ -105.842615661999957, 40.48295195400005 ], [ -105.848139026999945, 40.483987150000083 ], [ -105.855019479999953, 40.486220513000035 ], [ -105.862617246999946, 40.480209133000074 ], [ -105.870714384999985, 40.480401616000051 ], [ -105.873710960999972, 40.47825943600003 ], [ -105.88196292899994, 40.475687027000049 ], [ -105.887554322999961, 40.476646011000071 ], [ -105.892184352999962, 40.475634466000031 ], [ -105.895618242999944, 40.469472403000054 ], [ -105.898976655999945, 40.465968165000049 ], [ -105.898661709999942, 40.449898598000054 ], [ -105.897826206, 40.447815010000056 ], [ -105.902931358999979, 40.430595083000078 ], [ -105.898883376999947, 40.426105890000031 ], [ -105.898698162999949, 40.415573972000061 ], [ -105.902210221999951, 40.411832479000047 ], [ -105.903734572999952, 40.400066194000033 ], [ -105.905908895999971, 40.399472602000053 ], [ -105.917154564999976, 40.401647042000036 ], [ -105.920851789999972, 40.40140542100005 ], [ -105.924968136999951, 40.392751795000038 ], [ -105.940867855999954, 40.384701852000035 ], [ -105.945988649999947, 40.384944450000035 ], [ -105.946344793999984, 40.377061157000071 ], [ -105.937613148999958, 40.371761098000036 ], [ -105.939233584999954, 40.365954311000046 ], [ -105.953101967999942, 40.361019551000034 ], [ -105.95967249399996, 40.348373878000075 ], [ -105.971264922999978, 40.350635882000063 ], [ -105.975581932999944, 40.357896696000076 ], [ -105.98056721599994, 40.359476186000045 ], [ -105.98582674, 40.364235315000023 ], [ -105.996344903999955, 40.363791860000049 ], [ -106.002128223999989, 40.36222435500008 ], [ -106.010242197999958, 40.362203814000054 ], [ -106.013078642999972, 40.368085654000026 ], [ -106.014298846999964, 40.372938456000043 ], [ -106.023666942999967, 40.372093133000078 ], [ -106.030602787999953, 40.368356482000017 ], [ -106.037200745999939, 40.368552032000032 ], [ -106.046503089999987, 40.362100723000026 ], [ -106.058956472999967, 40.357122016000062 ], [ -106.063407644999984, 40.357177037000042 ], [ -106.069311582999944, 40.353053389000024 ], [ -106.085867195999981, 40.347307464000039 ], [ -106.088140344999942, 40.350462292000032 ], [ -106.09568997599996, 40.351548080000043 ], [ -106.099837951, 40.354367330000059 ], [ -106.112188732, 40.347405144000057 ], [ -106.121421194, 40.342672616000073 ], [ -106.131382846999941, 40.336706333000052 ], [ -106.134449359999962, 40.335555487000079 ], [ -106.137507639999967, 40.330090306000038 ], [ -106.148567122999964, 40.332051988000046 ], [ -106.164048577999949, 40.34325799700008 ], [ -106.174373532999937, 40.343425559000025 ], [ -106.17992259, 40.335991137000072 ], [ -106.182083142999943, 40.332339363000074 ], [ -106.190409901999942, 40.326363626000045 ], [ -106.197267249999982, 40.325961029000041 ], [ -106.219053686999985, 40.328631137000066 ], [ -106.222517013999948, 40.325614959000063 ], [ -106.230689206999955, 40.323477351000065 ], [ -106.239378767999938, 40.328587559000027 ], [ -106.246068435, 40.337720703000059 ], [ -106.25071640699997, 40.341635530000076 ], [ -106.253778808999982, 40.350369456000067 ], [ -106.256860295999957, 40.353162163000036 ], [ -106.260567339999966, 40.358119992000063 ], [ -106.266851496999948, 40.360460899000039 ], [ -106.270744375, 40.357241862000087 ], [ -106.278832532999957, 40.35371010000005 ], [ -106.28557066599997, 40.357572316000073 ], [ -106.287028861999943, 40.35852630800008 ], [ -106.292737908999982, 40.356731816000035 ], [ -106.298619881999983, 40.349618179000061 ], [ -106.298279623999974, 40.34542097700006 ], [ -106.297507340999971, 40.340048417000048 ], [ -106.294452741999976, 40.337194404000059 ], [ -106.296484168999939, 40.332949222000032 ], [ -106.300213632999942, 40.330434753000077 ], [ -106.305523605999952, 40.329994545000034 ], [ -106.305727080999986, 40.328946153000068 ], [ -106.314753140999983, 40.332039403000067 ], [ -106.323837491999939, 40.337926217000067 ], [ -106.337456165999981, 40.340139094000044 ], [ -106.340017852999949, 40.344402184000046 ], [ -106.344823119999944, 40.348935714000049 ], [ -106.355132085999969, 40.358714493000036 ], [ -106.362791831, 40.357578380000064 ], [ -106.367634894999981, 40.356094726000038 ], [ -106.369657619999941, 40.357763547000047 ], [ -106.384325119999971, 40.352833943000057 ], [ -106.390011322999953, 40.34556580900005 ], [ -106.399060149999968, 40.346831619000056 ], [ -106.405034736999937, 40.345679999000026 ], [ -106.408764782, 40.348085794000042 ], [ -106.412875766999946, 40.35071552800008 ], [ -106.419446028999971, 40.350812495000071 ], [ -106.422949050999989, 40.352739894000088 ], [ -106.428867557, 40.351284101000033 ], [ -106.43452958599994, 40.34982556600005 ], [ -106.438464433999968, 40.350157073000048 ], [ -106.444017650999967, 40.347002011000029 ], [ -106.45270043, 40.35439168900006 ], [ -106.453450667999959, 40.356911888000077 ], [ -106.458222864999982, 40.358914761000051 ], [ -106.456676378999987, 40.361910496000064 ], [ -106.458850260999952, 40.367265004000046 ], [ -106.463217868999948, 40.368244228000037 ], [ -106.466018239, 40.377909126000084 ], [ -106.472585058999982, 40.380469027000061 ], [ -106.471510060999947, 40.382498803000033 ], [ -106.477227653999989, 40.389224266000042 ], [ -106.481056573999979, 40.390150598000048 ], [ -106.47968207199996, 40.39450994200007 ], [ -106.478983858999982, 40.396706118000054 ], [ -106.477384697, 40.403268173000065 ], [ -106.485802413, 40.410388793000038 ], [ -106.490196288, 40.411054974000081 ], [ -106.496622977999948, 40.40351632800008 ], [ -106.500751125999955, 40.402367175000059 ], [ -106.510312786999975, 40.392224174000042 ], [ -106.51196450499998, 40.387408515000061 ], [ -106.519249149999951, 40.390672124000048 ], [ -106.526385163999976, 40.384587330000045 ], [ -106.527236455999969, 40.375367818000029 ], [ -106.532047772999988, 40.366280862000053 ], [ -106.534897657999977, 40.365114789000074 ], [ -106.54060861499994, 40.371408347000049 ], [ -106.544747793999989, 40.371896842000069 ], [ -106.547574983999951, 40.370130556000049 ], [ -106.553935167999953, 40.37050890200004 ], [ -106.556908646999943, 40.377234429000055 ], [ -106.563472330999957, 40.378242870000065 ], [ -106.579767802, 40.379273375000025 ], [ -106.585067404999961, 40.382357644000088 ], [ -106.593162039, 40.381802184000037 ], [ -106.594690482999965, 40.382836132000079 ], [ -106.599123501999941, 40.376977147000041 ], [ -106.600780512999961, 40.376044633000056 ], [ -106.607162234999976, 40.379632658000041 ], [ -106.610477705999983, 40.378809295000053 ], [ -106.611894985999982, 40.381336329000078 ], [ -106.613259252999967, 40.388853779000044 ], [ -106.617876781999939, 40.395922215000041 ], [ -106.621229527999958, 40.408574207000072 ], [ -106.628803931, 40.420591613000063 ], [ -106.624297034999984, 40.429144797000049 ], [ -106.622415820999962, 40.430482991000076 ], [ -106.626530282999965, 40.431068760000066 ], [ -106.640097325999989, 40.432924186000037 ], [ -106.651677493999955, 40.442116187000067 ], [ -106.651296084999956, 40.449421907000044 ], [ -106.651282470999945, 40.455623616000018 ], [ -106.657107737, 40.457386352000078 ], [ -106.658918987, 40.460619698000073 ], [ -106.654323572999942, 40.467608231000042 ], [ -106.657737065999981, 40.46926839200006 ], [ -106.658301771999959, 40.471881979000045 ], [ -106.664860130999955, 40.469810696000017 ], [ -106.667051769999944, 40.474817268000038 ], [ -106.661283399999945, 40.481182471000061 ], [ -106.656113257999948, 40.484627404000037 ], [ -106.65888102699995, 40.490532014000053 ], [ -106.653778082999963, 40.493244756000024 ], [ -106.655279273999952, 40.49909628100005 ], [ -106.656517319999978, 40.501167581000061 ], [ -106.655808727999954, 40.508998388000073 ], [ -106.661082348999969, 40.512935987000048 ], [ -106.659092400999953, 40.514683070000046 ], [ -106.664420523, 40.517976668000074 ], [ -106.66755290499998, 40.520123889000047 ], [ -106.670924249999985, 40.520168538000071 ], [ -106.674647682999989, 40.526588134000065 ], [ -106.669262080999957, 40.533359816000029 ], [ -106.671472266999956, 40.536064076000059 ], [ -106.678433957999971, 40.538999670000067 ], [ -106.684276849999947, 40.546138900000074 ], [ -106.685937798999987, 40.551320145000041 ], [ -106.693808301999979, 40.551171629000066 ], [ -106.697497308999971, 40.553323052000053 ], [ -106.695179646, 40.557845199000042 ], [ -106.692045440999948, 40.561077846000046 ], [ -106.700146853999968, 40.576058027000052 ], [ -106.702292090999947, 40.578220762000065 ], [ -106.698818079999967, 40.583955512000045 ], [ -106.699527235999938, 40.586695177000024 ], [ -106.69442883399995, 40.593982388000036 ], [ -106.695690237999941, 40.59841515100004 ], [ -106.698298725999962, 40.599875072000032 ], [ -106.70438345499997, 40.607802911000086 ], [ -106.704912044999958, 40.612446275000025 ], [ -106.705752326999971, 40.61722793400002 ], [ -106.701620677999983, 40.626531971000077 ], [ -106.702981856999941, 40.627370375000055 ], [ -106.697751169999947, 40.627531916000073 ], [ -106.691880775999948, 40.63400759600006 ], [ -106.687985167999955, 40.634552457000041 ], [ -106.687901839999938, 40.636605556000063 ], [ -106.688086612999939, 40.64083120600003 ], [ -106.683291409, 40.645550454000045 ], [ -106.680175813999938, 40.648832531000039 ], [ -106.686836053999968, 40.649694103000066 ], [ -106.692154114999937, 40.658108944000048 ], [ -106.687938362999944, 40.661640369000054 ], [ -106.685660806999977, 40.664079923000031 ], [ -106.686491301999979, 40.673457676000055 ], [ -106.681579643999967, 40.675074269000049 ], [ -106.687604186999977, 40.681960203000074 ], [ -106.679548784999952, 40.684883411000044 ], [ -106.672533968999971, 40.68879873700007 ], [ -106.668563642999985, 40.697472137000034 ], [ -106.671067726999979, 40.702526744000068 ], [ -106.668119012999966, 40.706473415000069 ], [ -106.670798636999962, 40.717493840000031 ], [ -106.670790835999981, 40.72214256500007 ], [ -106.673914080999964, 40.724266193000069 ], [ -106.669829933999949, 40.72844124900007 ], [ -106.672909229999959, 40.734052448000064 ], [ -106.675589177999939, 40.736739723000028 ], [ -106.666060266999978, 40.741236914000069 ], [ -106.662830386999985, 40.744072952000067 ], [ -106.665302678999979, 40.745647554000072 ], [ -106.663899719999961, 40.751377526000056 ], [ -106.661824406999983, 40.754105656000036 ], [ -106.669988673999967, 40.761089608000077 ], [ -106.663579778999974, 40.76784834000005 ], [ -106.658399049999957, 40.773265080000044 ], [ -106.649808355999937, 40.775523754000055 ], [ -106.647671049999985, 40.782537603000044 ], [ -106.63683064099996, 40.790048027000068 ], [ -106.63684643199997, 40.805867638000052 ], [ -106.635958943, 40.812182303000036 ], [ -106.639399376999961, 40.815253607000045 ], [ -106.63956208999997, 40.81761780100004 ], [ -106.644567042999938, 40.821214164000025 ], [ -106.659105787999977, 40.823790040000063 ], [ -106.660890729999949, 40.826853027000034 ], [ -106.663881071, 40.828685265000047 ], [ -106.662243299999957, 40.839090922000032 ], [ -106.661232220999977, 40.84351539700004 ], [ -106.654341608999971, 40.846398715000078 ], [ -106.658007085999941, 40.853190800000057 ], [ -106.664462894999986, 40.857186525000039 ], [ -106.664360729999942, 40.858083835000059 ], [ -106.66728391099997, 40.86030710700004 ], [ -106.668160635999982, 40.865376451000031 ], [ -106.678973765999956, 40.868968660000057 ], [ -106.682520636999982, 40.87744645500004 ], [ -106.686130377999973, 40.882115226000053 ], [ -106.685961126999985, 40.885822596000025 ], [ -106.694631818999937, 40.887904786000036 ], [ -106.700174671999946, 40.884735179000074 ], [ -106.70167390499995, 40.881273576000062 ], [ -106.706279754, 40.875782664000049 ], [ -106.729444345, 40.871772104000058 ], [ -106.738184754999963, 40.872745329000061 ], [ -106.739351328999987, 40.871823929000072 ], [ -106.746450650999975, 40.882566453000045 ], [ -106.740830642999981, 40.889876453000056 ], [ -106.750170653999987, 40.893806450000056 ], [ -106.761920650999969, 40.894626447000064 ], [ -106.769930651999971, 40.896836446000066 ], [ -106.767400656999939, 40.899326443000071 ], [ -106.768880660999969, 40.903976448000044 ], [ -106.782040664999954, 40.906666442000073 ], [ -106.788280658999952, 40.901696446000074 ], [ -106.787540662999959, 40.900596444000037 ], [ -106.794220662999976, 40.899896430000062 ], [ -106.798840666999979, 40.896246441000073 ], [ -106.807920665999973, 40.899406443000032 ], [ -106.809240662999983, 40.900066443000064 ], [ -106.80542067, 40.902576442000054 ], [ -106.812260668999954, 40.916566443000079 ], [ -106.818570674999989, 40.919226447000028 ], [ -106.821150671999987, 40.926446445000067 ], [ -106.823770673999945, 40.930686446000038 ], [ -106.830040671999939, 40.924106445000056 ], [ -106.851220674, 40.924566446000021 ], [ -106.852310673999966, 40.92537644500004 ], [ -106.848920674999988, 40.926976441000072 ], [ -106.852320684999938, 40.929526448000047 ], [ -106.85223068199997, 40.933806448000041 ], [ -106.855790679999984, 40.934866445000075 ], [ -106.857620685999962, 40.937896438000053 ], [ -106.862180679999952, 40.941276443000049 ], [ -106.863260682999965, 40.952316448000033 ], [ -106.869740682999975, 40.95635643300006 ], [ -106.872670694999954, 40.975736450000056 ], [ -106.869600686999959, 40.981616450000047 ], [ -106.859760689999973, 40.983196449000047 ], [ -106.85776068499996, 40.98170645000004 ], [ -106.85262069099997, 40.989046452000025 ], [ -106.850920684999949, 40.991316450000049 ], [ -106.861000689999969, 40.996086452000043 ], [ -106.861150691999967, 41.000796449000063 ], [ -106.856990690999964, 41.004126457000041 ], [ -106.868620694999947, 41.004006447000052 ], [ -106.870860693999987, 41.007156460000026 ], [ -106.87644069199996, 41.00449645100008 ], [ -106.886680703999957, 41.010466455000028 ], [ -106.888520697, 41.016566450000028 ], [ -106.897280703999968, 41.017516449000027 ], [ -106.900660696999978, 41.014096445000071 ], [ -106.907660702999976, 41.012836451000062 ], [ -106.915440698999987, 41.013406447000079 ], [ -106.925500707999959, 41.013496445000044 ], [ -106.928170704999957, 41.018396451000058 ], [ -106.937180713999965, 41.01945645100006 ], [ -106.938760714999944, 41.023586449000049 ], [ -106.934740705999957, 41.031096451000053 ], [ -106.926210714999968, 41.037846450000075 ], [ -106.92747071399998, 41.040516448000062 ], [ -106.925140711999973, 41.044096456000034 ], [ -106.923340703999941, 41.044316452000032 ], [ -106.918550707999941, 41.058926454000066 ], [ -106.913500710999983, 41.060196456000035 ], [ -106.908240714999977, 41.060596454000063 ], [ -106.905300710999938, 41.062626458000068 ], [ -106.90081070399998, 41.061906454000052 ], [ -106.893130709, 41.07001646100008 ], [ -106.883850700999972, 41.074476455000081 ], [ -106.888560708999989, 41.076226456000029 ], [ -106.89153872299994, 41.079975383000033 ], [ -106.898854990999951, 41.083177399000078 ], [ -106.902450712999951, 41.085436461000029 ], [ -106.90171070599996, 41.090296470000062 ], [ -106.909899262999957, 41.092264728000032 ], [ -106.92162071499996, 41.089176459000043 ], [ -106.931420713999955, 41.093726457000059 ], [ -106.955260728999974, 41.097146455000036 ], [ -106.960440727, 41.101716459000045 ], [ -106.963509700999978, 41.105468486000063 ], [ -106.965710722999972, 41.106926461000064 ], [ -106.964770733999956, 41.109606457000041 ], [ -106.968690241, 41.11587630300005 ], [ -106.969960732999937, 41.115766457000056 ], [ -106.97443072599998, 41.110726467000063 ], [ -106.981849614999987, 41.110134929000026 ], [ -106.984785619, 41.112798240000075 ], [ -106.994600737999974, 41.113326463000078 ], [ -107.00055073599998, 41.113316458000035 ], [ -107.006770724999967, 41.114666464000031 ], [ -107.013388826999972, 41.117289476000053 ], [ -107.006277485999988, 41.122344964000035 ], [ -107.003387315999987, 41.126491750000064 ], [ -107.000434411999947, 41.125650043000071 ], [ -106.996733856, 41.128509874000031 ], [ -106.99365271299996, 41.128524478000031 ], [ -106.993305633999967, 41.132316406000029 ], [ -106.995216829999961, 41.135642077000057 ], [ -106.987824838999984, 41.138313082000025 ], [ -106.980003366999938, 41.140836028000081 ], [ -106.979716997999972, 41.147111951000056 ], [ -106.974850217999972, 41.149272770000039 ], [ -106.981810731999985, 41.155617536000079 ], [ -106.982621922999954, 41.168902428000081 ], [ -106.99457197199996, 41.171745272000074 ], [ -106.99684425099997, 41.175207109000041 ], [ -107.014687262999985, 41.177607 ], [ -107.017029726999979, 41.182704688000051 ], [ -107.027578292, 41.185427815000025 ], [ -107.030629751999982, 41.187406927000048 ], [ -107.038880258999939, 41.18649861200003 ], [ -107.048397721999947, 41.190254151000033 ], [ -107.053260331, 41.195758313000056 ], [ -107.064174093999952, 41.200476228000078 ], [ -107.067750194999974, 41.203038007000032 ], [ -107.076562981999984, 41.202710240000037 ], [ -107.084010375, 41.201191841000025 ], [ -107.088336092999953, 41.199673292000064 ], [ -107.097423926999966, 41.208571730000074 ], [ -107.11197137, 41.22612193100008 ], [ -107.119196258999978, 41.224012760000051 ], [ -107.125757748999945, 41.225698856000065 ], [ -107.127938235999977, 41.230091451000078 ], [ -107.117094183999939, 41.241161764000019 ], [ -107.115655388, 41.245846899000071 ], [ -107.113303387999963, 41.248318375000053 ], [ -107.12132730899998, 41.255229625000034 ], [ -107.124119935999943, 41.261163834000058 ], [ -107.132149311999967, 41.269316349000064 ], [ -107.141196257, 41.281627956000072 ], [ -107.143999883, 41.29010269500003 ], [ -107.146126576999961, 41.288735990000077 ], [ -107.152590314999955, 41.291777406000051 ], [ -107.159425746999943, 41.296918277000032 ], [ -107.163168860999974, 41.297544156000072 ], [ -107.150360625999951, 41.305512435000026 ], [ -107.14200882199998, 41.315876284000069 ], [ -107.135038236999947, 41.322324047000052 ], [ -107.134931842999947, 41.328619669000034 ], [ -107.156430230999959, 41.33414054800005 ], [ -107.162319021999977, 41.332791218000075 ], [ -107.165877659, 41.334037432000059 ], [ -107.16495271499997, 41.341339359000074 ], [ -107.164792258999967, 41.343448589000047 ], [ -107.16002993799998, 41.358528149000051 ], [ -107.167217485999984, 41.366520060000028 ], [ -107.18870863099994, 41.365964542000036 ], [ -107.192835151999986, 41.370346021000046 ], [ -107.198545456999966, 41.373383831000069 ], [ -107.211358461999964, 41.37633441000002 ], [ -107.212613975999943, 41.37844119500005 ], [ -107.20555463999996, 41.386133563000044 ], [ -107.208623533999983, 41.389320416000032 ], [ -107.207807071, 41.39728967700006 ], [ -107.210222519999945, 41.401083631000056 ], [ -107.215683231999947, 41.403927220000071 ], [ -107.222258519999968, 41.403750969000043 ], [ -107.241432829999951, 41.400554340000049 ], [ -107.244179888999952, 41.397180478000053 ], [ -107.248420283999963, 41.39801467500007 ], [ -107.25872798499995, 41.388273575000028 ], [ -107.265075374, 41.389635273000067 ], [ -107.270701456999973, 41.386798806000051 ], [ -107.266243534999944, 41.382526226000046 ], [ -107.273857939999971, 41.377767450000078 ], [ -107.279729862999943, 41.378245836000083 ], [ -107.284550985999942, 41.375474487000083 ], [ -107.291070274999981, 41.377525155000058 ], [ -107.290666482999939, 41.380085295000072 ], [ -107.303577269999948, 41.383791778000045 ], [ -107.304751363999969, 41.388624465000078 ], [ -107.307902632999969, 41.391212557000074 ], [ -107.322776141999952, 41.390789244000075 ], [ -107.323405506999961, 41.395533774000057 ], [ -107.328688326999952, 41.396046197000032 ], [ -107.33282331099997, 41.398960683000041 ], [ -107.340453750999984, 41.399772022000036 ], [ -107.341751940999984, 41.402024928000067 ], [ -107.337830609999969, 41.406936322000043 ], [ -107.339684047999981, 41.410887694000053 ], [ -107.339013435999959, 41.41741759100006 ], [ -107.33547819599994, 41.420264459000059 ], [ -107.341274688999988, 41.423094786000036 ], [ -107.341876815999967, 41.427493042000037 ], [ -107.348170889999949, 41.432245828000077 ], [ -107.347847265999974, 41.435912795000036 ], [ -107.340817343999973, 41.436265655000049 ], [ -107.335589420999952, 41.442003021000062 ], [ -107.332847188999949, 41.446424256000057 ], [ -107.327163735999989, 41.446215252000066 ], [ -107.319916376999984, 41.455436241000029 ], [ -107.317912379999939, 41.459289564000073 ], [ -107.31134781999998, 41.45926920900007 ], [ -107.301302350999947, 41.467591747000036 ], [ -107.31436161299996, 41.474536017000048 ], [ -107.317946863999964, 41.477220580000044 ], [ -107.325093253, 41.476857080000059 ], [ -107.327994212999954, 41.487186775000062 ], [ -107.323688761999975, 41.491339104000083 ], [ -107.321406856999943, 41.493723290000048 ], [ -107.321329490999972, 41.49705283600008 ], [ -107.315832630999978, 41.499333101000047 ], [ -107.315910951, 41.505616713000052 ], [ -107.313822552999966, 41.509601910000072 ], [ -107.313657329999955, 41.51284055900004 ], [ -107.310671553999953, 41.51618634700003 ], [ -107.315431493999938, 41.525189927000042 ], [ -107.314161199999958, 41.526041052000039 ], [ -107.321901609999941, 41.534007034000069 ], [ -107.334348047, 41.534934631000063 ], [ -107.339048172999981, 41.537484666000061 ], [ -107.350378153999941, 41.543038627000051 ], [ -107.358700008999961, 41.543784996000056 ], [ -107.365454050999986, 41.542876442000072 ], [ -107.371729765999987, 41.542907555000056 ], [ -107.395492442999966, 41.53409005900005 ], [ -107.398066975999939, 41.535395996000034 ], [ -107.405415545999972, 41.533292875000022 ], [ -107.415111078999985, 41.54702042100007 ], [ -107.418913170999986, 41.547325181000069 ], [ -107.420283630999961, 41.54927192800006 ], [ -107.421912804999977, 41.549006776000056 ], [ -107.421520129999976, 41.551298217000067 ], [ -107.425669358999983, 41.550825909000025 ], [ -107.428532558999962, 41.552048401000036 ], [ -107.433835256999942, 41.54955016100007 ], [ -107.437913973999969, 41.552670733000078 ], [ -107.441657503999977, 41.549589559000026 ], [ -107.445338121999953, 41.55074281900005 ], [ -107.448778829999981, 41.548694088000047 ], [ -107.455650292999977, 41.546623451000073 ], [ -107.45291810599997, 41.553087577000042 ], [ -107.44294773699994, 41.556822286000063 ], [ -107.440517565999983, 41.559614912000029 ], [ -107.442010871999969, 41.561146156000056 ], [ -107.433390012999951, 41.568472790000044 ], [ -107.422463137999955, 41.573777933000031 ], [ -107.417259502999983, 41.575759013000045 ], [ -107.413125234999939, 41.579676231000064 ], [ -107.407929526999965, 41.58384700800007 ], [ -107.403404998999974, 41.595070355000075 ], [ -107.39387013299995, 41.603315616000025 ], [ -107.392820882999956, 41.608654226000056 ], [ -107.389556216999949, 41.61835342400007 ], [ -107.387471098999981, 41.62623429100006 ], [ -107.393218447999971, 41.628536342000075 ], [ -107.40198668, 41.624049482000032 ], [ -107.413213397, 41.626125958000046 ], [ -107.419582839999975, 41.62893122000002 ], [ -107.422054913999943, 41.631091651000077 ], [ -107.427657007, 41.632580336000046 ], [ -107.433600367999986, 41.638079461000068 ], [ -107.443871203999947, 41.637674655000069 ], [ -107.45113525499994, 41.648538258000031 ], [ -107.456359721999945, 41.649307217000057 ], [ -107.459283182, 41.650928910000061 ], [ -107.444210804999955, 41.672274441000077 ], [ -107.440557725999952, 41.674674749000083 ], [ -107.43396589699995, 41.677412123000067 ], [ -107.421822551999981, 41.685208771000077 ], [ -107.411849501999939, 41.687498961000074 ], [ -107.41156793, 41.69019049800005 ], [ -107.388188599999978, 41.704460122000057 ], [ -107.37860005999994, 41.714114259000041 ], [ -107.385706187999972, 41.721550922000063 ], [ -107.376596928999959, 41.727518451000037 ], [ -107.359287171999938, 41.745178685000042 ], [ -107.352522371999953, 41.759560841000052 ], [ -107.35167273899998, 41.766887087000043 ], [ -107.358676942999978, 41.769451547000074 ], [ -107.359864506999941, 41.778177817000028 ], [ -107.371812708, 41.785163303000054 ], [ -107.375451245999955, 41.788511534000065 ], [ -107.376333780999971, 41.790892710000044 ], [ -107.379058072999953, 41.792179306000037 ], [ -107.377404698999953, 41.794800272000032 ], [ -107.369342871999947, 41.799567899000067 ], [ -107.36761013499995, 41.798447689000056 ], [ -107.362350947999971, 41.80183621500003 ], [ -107.374338787999989, 41.817329340000065 ], [ -107.369220298999949, 41.824160481000035 ], [ -107.361028591999968, 41.823503489000075 ], [ -107.355868796999971, 41.829663362000076 ], [ -107.35064218399998, 41.830420013000044 ], [ -107.347672142999954, 41.832902280000042 ], [ -107.339347219999979, 41.834657131000036 ], [ -107.339098490999959, 41.839560478000067 ], [ -107.337711073999969, 41.845521628000029 ], [ -107.340593644999956, 41.846255332000062 ], [ -107.34183470399995, 41.852834314000063 ], [ -107.329592831999946, 41.856682600000056 ], [ -107.32683945399998, 41.859919520000069 ], [ -107.320786482999964, 41.865986053000029 ], [ -107.322928227999981, 41.87470415700006 ], [ -107.325307556999974, 41.877782230000037 ], [ -107.323051909999947, 41.882593846000077 ], [ -107.330757302999984, 41.886290168000073 ], [ -107.332466825, 41.889150357000062 ], [ -107.331947340999989, 41.892682916000069 ], [ -107.335645599999964, 41.895128554000053 ], [ -107.335469677999981, 41.896761096000034 ], [ -107.332355096999947, 41.898629821000036 ], [ -107.333231224999963, 41.904071398000042 ], [ -107.331788614999937, 41.908151456000041 ], [ -107.324521972999946, 41.910940507000085 ], [ -107.31794361599998, 41.914430478000043 ], [ -107.317373944999986, 41.920694094000055 ], [ -107.310903443999962, 41.927604836000057 ], [ -107.300199103999944, 41.936944618000041 ], [ -107.296566111999937, 41.949081020000051 ], [ -107.290507863999963, 41.94171671600003 ], [ -107.28762812399998, 41.93519575800007 ], [ -107.251291328999969, 41.893080068000067 ], [ -107.240279992999945, 41.880226237000045 ], [ -107.220307483999989, 41.867932868000025 ], [ -107.207603524999968, 41.864863557000035 ], [ -107.19979424099995, 41.86058605900007 ], [ -107.186621701999968, 41.862863971000024 ], [ -107.170725733999973, 41.854398592000052 ], [ -107.167171001999975, 41.855140849000065 ], [ -107.163113206999981, 41.853866681000056 ], [ -107.158053038999981, 41.858589366000054 ], [ -107.154905317999976, 41.861500011000032 ], [ -107.156378715999949, 41.865524636000025 ], [ -107.157665013999974, 41.866951035000056 ], [ -107.156164109999963, 41.871081488000065 ], [ -107.143352805999939, 41.880763788000024 ], [ -107.139118191999955, 41.880730141000072 ], [ -107.125987105999968, 41.875371237000024 ], [ -107.122181529, 41.879206380000028 ], [ -107.114387026999964, 41.877298674000038 ], [ -107.115392587999963, 41.880381874000079 ], [ -107.118533217999982, 41.882249913000074 ], [ -107.114980094999964, 41.884629122000035 ], [ -107.120556527999952, 41.88825338300007 ], [ -107.11537330699997, 41.892989122000081 ], [ -107.110262357999943, 41.895359123000041 ], [ -107.112276845999986, 41.898573631000026 ], [ -107.109701746999974, 41.900697196000067 ], [ -107.113256778, 41.903420770000032 ], [ -107.115081156999977, 41.903912270000035 ], [ -107.113472337999951, 41.910457874000038 ], [ -107.118012275999959, 41.911049600000069 ], [ -107.121028242999955, 41.917781199000039 ], [ -107.124327152999967, 41.919199611000067 ], [ -107.130571278, 41.925687101000051 ], [ -107.128720553999983, 41.929961142000025 ], [ -107.131030502999977, 41.935458717000074 ], [ -107.135061119999989, 41.93578412800008 ], [ -107.135169510999958, 41.939033743000046 ], [ -107.139913177999972, 41.941133913000044 ], [ -107.139048224999954, 41.946327714000063 ], [ -107.135789490999969, 41.951578586000039 ], [ -107.132256067999947, 41.956638723000019 ], [ -107.139275767999948, 41.958129495000044 ], [ -107.136537858999986, 41.964458526000044 ], [ -107.137849697999968, 41.968098671000064 ], [ -107.133854367999959, 41.968898387000024 ], [ -107.129589744999976, 41.972679437000068 ], [ -107.127419628999974, 41.973432484000057 ], [ -107.132870683999954, 41.982598576000036 ], [ -107.147549612999981, 41.981474221000042 ], [ -107.145686192999975, 41.988862875000052 ], [ -107.145213708999961, 41.995262327000034 ], [ -107.14180313199995, 42.006044064000037 ], [ -107.149593400999947, 42.005348150000025 ], [ -107.147266435999938, 42.011432028000058 ], [ -107.144250232, 42.016490913000041 ], [ -107.141381370999966, 42.019458568000069 ], [ -107.141047167999943, 42.022491700000046 ], [ -107.13708152199996, 42.027780332000077 ], [ -107.132367986999952, 42.040811906000044 ], [ -107.11756642499995, 42.056844068000039 ], [ -107.113210336999941, 42.059588059000085 ], [ -107.113907085999983, 42.061376228000029 ], [ -107.106720463999977, 42.066848532000058 ], [ -107.098543599999971, 42.071838276000051 ], [ -107.099855735999938, 42.073965327000053 ], [ -107.102400884999952, 42.074794130000051 ], [ -107.09870497999998, 42.077763336000032 ], [ -107.094340189, 42.08030672600006 ], [ -107.086489333999964, 42.081500310000081 ], [ -107.085536047999938, 42.086219717000063 ], [ -107.09177871199995, 42.088695098000073 ], [ -107.095232324999984, 42.088531990000043 ], [ -107.094960735999962, 42.08946247800003 ], [ -107.077104135999946, 42.09559901700004 ], [ -107.072697026999961, 42.101290903000063 ], [ -107.110886597, 42.109182736000044 ], [ -107.121769514, 42.110883554000061 ], [ -107.124312368999938, 42.116606673000035 ], [ -107.105338001999939, 42.125079117000048 ], [ -107.099400693999939, 42.131735795000054 ], [ -107.096611910999968, 42.133057053000066 ], [ -107.095682256999964, 42.135797555000075 ], [ -107.09801443899994, 42.13716917600005 ], [ -107.09354572899997, 42.141978617000063 ], [ -107.092703187999973, 42.145241257000073 ], [ -107.088093393999941, 42.148468044000019 ], [ -107.085754297999983, 42.149571356000088 ], [ -107.09555113, 42.156359312000063 ], [ -107.096597251999981, 42.159784166000065 ], [ -107.106458067999938, 42.158974793000027 ], [ -107.107078850999983, 42.165955959000037 ], [ -107.117424581999956, 42.168228862000035 ], [ -107.114965411999947, 42.17190640900003 ], [ -107.118992274, 42.171477285000037 ], [ -107.122322862999965, 42.173075912000066 ], [ -107.127990073999982, 42.17131897400003 ], [ -107.136491843999977, 42.172100243000052 ], [ -107.140435406999984, 42.174239602000057 ], [ -107.144137063999949, 42.172836686000039 ], [ -107.145809183999972, 42.174078490000056 ], [ -107.158769202999963, 42.169318759000078 ], [ -107.161291671999948, 42.165603214000043 ], [ -107.175960884999938, 42.162051998000038 ], [ -107.181183353999984, 42.158709069000054 ], [ -107.181394833999946, 42.163676552000027 ], [ -107.184830862999959, 42.164426736000046 ], [ -107.186564047, 42.16647916200003 ], [ -107.187467653999988, 42.169529728000043 ], [ -107.197154156999943, 42.16965966500004 ], [ -107.198679766999987, 42.17135225800007 ], [ -107.204947912999955, 42.173014273000035 ], [ -107.209238524999989, 42.173586628000066 ], [ -107.211826736999967, 42.173948874000075 ], [ -107.208011444999954, 42.177660069000076 ], [ -107.201288217999959, 42.180759958000074 ], [ -107.199114168999984, 42.187640570000042 ], [ -107.199073638999948, 42.194467807000073 ], [ -107.209668128999979, 42.194336795000027 ], [ -107.208492754999952, 42.197099977000043 ], [ -107.202570375999983, 42.198899233000077 ], [ -107.200619187999976, 42.201870882000037 ], [ -107.203924772999983, 42.203614230000028 ], [ -107.19791883, 42.210531916000036 ], [ -107.203069596999967, 42.210905756000045 ], [ -107.205139697, 42.218371507000036 ], [ -107.21504465299995, 42.236659733000067 ], [ -107.213489597999967, 42.239320693000025 ], [ -107.211120163999965, 42.240603326000041 ], [ -107.208502118999945, 42.248352378000057 ], [ -107.218280591999985, 42.253099530000043 ], [ -107.22621784599994, 42.25047212700008 ], [ -107.240700319999974, 42.257101355000039 ], [ -107.250753419999967, 42.259814379000034 ], [ -107.262087692999955, 42.263137726000025 ], [ -107.265481759999943, 42.256763663000072 ], [ -107.271255393999979, 42.252508576000025 ], [ -107.272144456999968, 42.25008871600005 ], [ -107.270475943999941, 42.248147602000074 ], [ -107.294288389999963, 42.230088969000057 ], [ -107.300961963999953, 42.219664562000048 ], [ -107.30504849, 42.21924187500008 ], [ -107.304686986999968, 42.220297326000036 ], [ -107.309151048, 42.220242548000044 ], [ -107.315181966999944, 42.221903402000066 ], [ -107.321645435999983, 42.219003247000046 ], [ -107.328819242999941, 42.216263191000053 ], [ -107.330302147999987, 42.216966853000031 ], [ -107.331925927999976, 42.218943046000042 ], [ -107.339490384999976, 42.220099316000081 ], [ -107.346368255999948, 42.220177010000043 ], [ -107.347165618999966, 42.223305479000032 ], [ -107.349945609999963, 42.225685941000052 ], [ -107.357281601999944, 42.223534956000037 ], [ -107.362025626, 42.224048569000047 ], [ -107.362925298, 42.226109132000033 ], [ -107.367163428999959, 42.225978030000071 ], [ -107.375744115999979, 42.231329843000026 ], [ -107.387228532999984, 42.235083862000067 ], [ -107.38775925299997, 42.236680045000064 ], [ -107.398339973999953, 42.235174997000058 ], [ -107.40863283299997, 42.231954348000045 ], [ -107.422609351999938, 42.235651951000087 ], [ -107.464850457999944, 42.238031574000047 ], [ -107.478585338999949, 42.24025217500008 ], [ -107.484298863999982, 42.244289853000048 ], [ -107.481110758999989, 42.248786099000029 ], [ -107.49263132699997, 42.251501239000056 ], [ -107.49539948599994, 42.247969098000063 ], [ -107.501483631999974, 42.248600788000033 ], [ -107.516979680999953, 42.250321363000069 ], [ -107.523938315999942, 42.249047134000079 ], [ -107.533065906, 42.25503373600003 ], [ -107.548500442999966, 42.255447451000066 ], [ -107.550414706999959, 42.26049650200008 ], [ -107.556775596999955, 42.262671892000071 ], [ -107.560911295999972, 42.261533234000076 ], [ -107.567274271999963, 42.265402797000036 ], [ -107.572012663999942, 42.265877935000049 ], [ -107.582499716999976, 42.271580908000033 ], [ -107.587526328999957, 42.28181663600003 ], [ -107.587279417, 42.284530137000047 ], [ -107.589937397999961, 42.289885526000035 ], [ -107.590504149999973, 42.300437634000048 ], [ -107.585525849999954, 42.308648205000054 ], [ -107.584421137999982, 42.311729736000075 ], [ -107.593469453999944, 42.313792832000054 ], [ -107.609314635999965, 42.311057662000053 ], [ -107.618204938999952, 42.305514280000068 ], [ -107.618365662999963, 42.304530624000044 ], [ -107.626533347999953, 42.304783884000074 ], [ -107.626525838999953, 42.306761238000036 ], [ -107.632285644999982, 42.304543855000077 ], [ -107.637371591999965, 42.302018406000059 ], [ -107.640104881999946, 42.30181420100007 ], [ -107.650716059999979, 42.293122321000055 ], [ -107.659260176999965, 42.287467270000036 ], [ -107.663719320999988, 42.287372110000028 ], [ -107.684337702999983, 42.270341003000055 ], [ -107.685745146999977, 42.267534846000046 ], [ -107.684805151999967, 42.264735961000042 ], [ -107.691232320999973, 42.259887062000075 ], [ -107.692092117999948, 42.257179253000061 ], [ -107.695685682, 42.256618253000056 ], [ -107.715804311999989, 42.263862750000044 ], [ -107.725803230999986, 42.260985722000051 ], [ -107.737697697999977, 42.259244103000071 ], [ -107.741294720999974, 42.256394345000047 ], [ -107.753841679999951, 42.254940556000072 ], [ -107.757330936999949, 42.257887231000041 ], [ -107.783763873999987, 42.257143304000067 ], [ -107.79207908099994, 42.256617232000053 ], [ -107.800866534999955, 42.253724767000051 ], [ -107.827721233999966, 42.250702063000062 ], [ -107.832998154999984, 42.250674674000038 ], [ -107.837299375999976, 42.252047489000063 ], [ -107.837077050999937, 42.260824573000036 ], [ -107.83520585399998, 42.26486916500005 ], [ -107.851953391999984, 42.266674231000025 ], [ -107.853823815999988, 42.269172321000042 ], [ -107.85871646399994, 42.266134093000062 ], [ -107.869287141999962, 42.265822181000033 ], [ -107.875314662999983, 42.266890982000064 ], [ -107.873746344999986, 42.269932428000061 ], [ -107.875058990999946, 42.278771440000071 ], [ -107.869958471999951, 42.287990463000028 ], [ -107.870206486999962, 42.29063774300004 ], [ -107.867221665999978, 42.294250113000032 ], [ -107.872895612999969, 42.301478518000067 ], [ -107.890885729, 42.304370833000071 ], [ -107.908937031, 42.308021527000058 ], [ -107.912245090999988, 42.309596102000064 ], [ -107.938413769999954, 42.312139311000067 ], [ -107.943455490999952, 42.320586572000025 ], [ -107.939831259999949, 42.327417564000029 ], [ -107.940572861999954, 42.330657345000084 ], [ -107.936884287999987, 42.334459108000033 ], [ -107.936000708999984, 42.340590310000039 ], [ -107.929195169999957, 42.34700633500006 ], [ -107.929921930999967, 42.353515639000079 ], [ -107.928385919, 42.358901039000045 ], [ -107.928703433999942, 42.370709853000051 ], [ -107.920368676999942, 42.378593672000079 ], [ -107.920564271, 42.385307331000043 ], [ -107.917758770999967, 42.391620954000075 ], [ -107.918906875999937, 42.394202640000067 ], [ -107.943714930999988, 42.395188082000061 ], [ -107.958809125999949, 42.399859386000053 ], [ -107.966951656999981, 42.388489709000055 ], [ -107.979435821999971, 42.384725436000053 ], [ -107.986013760999981, 42.380046768000057 ], [ -107.993303380999976, 42.376025659000049 ], [ -107.993517360999988, 42.372141373000034 ], [ -107.999742351999942, 42.363335144000075 ], [ -107.993214686999977, 42.359817813000063 ], [ -107.992258508999953, 42.358623128000033 ], [ -107.983277218999945, 42.355912547000059 ], [ -107.977270767999983, 42.352790606000042 ], [ -107.97042171399994, 42.343762587000072 ], [ -107.965293775999953, 42.340159933000045 ], [ -107.964988241999947, 42.338585923000032 ], [ -107.968856166999956, 42.337523082000075 ], [ -107.971200299999964, 42.334393838000032 ], [ -107.977009846, 42.333385476000046 ], [ -107.979547573, 42.328659483000074 ], [ -107.991726830999937, 42.325759536000078 ], [ -108.00466944599998, 42.324363207000033 ], [ -108.021160324999983, 42.320375177000074 ], [ -108.024282953999943, 42.321760598000026 ], [ -108.043243493999967, 42.322421106000029 ], [ -108.043296512999973, 42.324059012000085 ], [ -108.053031591999968, 42.326992484000073 ], [ -108.059850275999963, 42.32643896400004 ], [ -108.063170821999961, 42.330295981000063 ], [ -108.067116531999943, 42.330094636000062 ], [ -108.076786163999941, 42.324279785000044 ], [ -108.081369672999983, 42.321097700000053 ], [ -108.090480869999965, 42.320452032000048 ], [ -108.099226750999946, 42.316809293000055 ], [ -108.098551755999949, 42.305677737000053 ], [ -108.101393197999982, 42.297202700000078 ], [ -108.110868728999961, 42.291514121000027 ], [ -108.122300156999984, 42.289404503000078 ], [ -108.127871343999971, 42.285595556000025 ], [ -108.130146155999967, 42.282293369000058 ], [ -108.132773856999961, 42.280935247000059 ], [ -108.134058633999985, 42.278374720000045 ], [ -108.147603255999968, 42.27946888200006 ], [ -108.151896341999986, 42.279350775000069 ], [ -108.153560235999976, 42.28150891100006 ], [ -108.164871084999959, 42.283150601000045 ], [ -108.170501785999988, 42.28186346800004 ], [ -108.180143675999943, 42.283478455000079 ], [ -108.186958454999967, 42.283420102000036 ], [ -108.193932139999959, 42.28459586200006 ], [ -108.214908927999943, 42.288571759000043 ], [ -108.219786853999949, 42.291103109000062 ], [ -108.220606625999949, 42.285469694000028 ], [ -108.221872388999941, 42.27348629800008 ], [ -108.221592394999959, 42.27019454200007 ], [ -108.229282109999986, 42.262175719000027 ], [ -108.232496139999967, 42.248183735000055 ], [ -108.233945247999941, 42.245486505000031 ], [ -108.230182733, 42.24087540000005 ], [ -108.251696884999944, 42.23682460600002 ], [ -108.258560836999948, 42.233151350000071 ], [ -108.263703973999952, 42.225345554000057 ], [ -108.269705715999976, 42.223625929000043 ], [ -108.273821803999965, 42.224193485000058 ], [ -108.280536029999951, 42.222706050000056 ], [ -108.285751824999977, 42.218208551000032 ], [ -108.291111742999988, 42.215732127000081 ], [ -108.295252061999975, 42.216000258000065 ], [ -108.306463072999975, 42.22124621200004 ], [ -108.311719337999989, 42.21758028700004 ], [ -108.317591082999968, 42.213420001000031 ], [ -108.323800635999987, 42.213046517000066 ], [ -108.334634678, 42.216424908000086 ], [ -108.338847773999987, 42.21731453700005 ], [ -108.338319437999985, 42.222109492000072 ], [ -108.345712829999968, 42.224038090000086 ], [ -108.354222467999989, 42.222806538000043 ], [ -108.357619158999967, 42.224538471000074 ], [ -108.358587257999943, 42.230704393000053 ], [ -108.368831242999988, 42.232696648000058 ], [ -108.372323270999971, 42.227159018000066 ], [ -108.386284945999989, 42.224514001000053 ], [ -108.391997992999976, 42.224568478000037 ], [ -108.416403447, 42.221326996000066 ], [ -108.431624122999949, 42.224579741000063 ], [ -108.432694057999981, 42.231754292000062 ], [ -108.42925573399998, 42.235225459000048 ], [ -108.437426280999944, 42.236910363000057 ], [ -108.43575556199994, 42.240391007000028 ], [ -108.451688155999989, 42.243592698000043 ], [ -108.459037529999989, 42.246360917000061 ], [ -108.462658394999949, 42.248657842000064 ], [ -108.463705767999954, 42.252556910000067 ], [ -108.491087879999952, 42.254823195000021 ], [ -108.491369750999979, 42.255862791000027 ], [ -108.480813378, 42.258959341000043 ], [ -108.481811131999962, 42.263395865000064 ], [ -108.490989324999987, 42.26436730100005 ], [ -108.513806553999984, 42.262585657000045 ], [ -108.521467361999953, 42.26510210400005 ], [ -108.529945558999941, 42.26357869800006 ], [ -108.536312200999987, 42.267015293000043 ], [ -108.54039705699995, 42.266650782000056 ], [ -108.549213361999989, 42.27228607200005 ], [ -108.565506592999952, 42.27852199900007 ], [ -108.574195016999965, 42.282670572000036 ], [ -108.582166037999968, 42.295654937000052 ], [ -108.585418665999953, 42.306035505000068 ], [ -108.589996930999973, 42.310918645000072 ], [ -108.58825051599996, 42.314070450000024 ], [ -108.592610416999946, 42.316495912000057 ], [ -108.610237898999969, 42.315920905000041 ], [ -108.630401557999974, 42.313163770000081 ], [ -108.641957260999959, 42.307093483000074 ], [ -108.653736184999971, 42.30730192000005 ], [ -108.65700344399994, 42.306071232000079 ], [ -108.663504196999952, 42.309457758000065 ], [ -108.664589805, 42.314378808000072 ], [ -108.668362155999944, 42.315388422000069 ], [ -108.678064064999958, 42.31216506100003 ], [ -108.685010122999984, 42.313928345000086 ], [ -108.691676992999987, 42.307866909000047 ], [ -108.697065222999981, 42.300699449000035 ], [ -108.713124892999986, 42.295377557000052 ], [ -108.716447314, 42.284569266000062 ], [ -108.721059342999979, 42.277426066000032 ], [ -108.72038095299996, 42.271765203000037 ], [ -108.725673665999977, 42.270087630000035 ], [ -108.735516749999988, 42.272880048000047 ], [ -108.745768006999981, 42.27951830600005 ], [ -108.770439566, 42.273343232000066 ], [ -108.776811185999989, 42.271300461000074 ], [ -108.788996700999974, 42.268972959000052 ], [ -108.795036708999987, 42.263489509000067 ], [ -108.798742151999988, 42.265967513000078 ], [ -108.800382709999951, 42.264827454000056 ], [ -108.803266263999944, 42.267844611000044 ], [ -108.807617582999967, 42.268447482000056 ], [ -108.809165456999949, 42.270341419000033 ], [ -108.816670398999975, 42.269968801000061 ], [ -108.825202120999961, 42.272213183000076 ], [ -108.841002748999983, 42.266103944000072 ], [ -108.848439352999947, 42.260550250000051 ], [ -108.852051663999987, 42.26625229900003 ], [ -108.856473078999954, 42.269527246000052 ], [ -108.859805484999981, 42.27114396200006 ], [ -108.858332326999971, 42.273046156000085 ], [ -108.861224016999984, 42.273799739000033 ], [ -108.863349788, 42.278798511000048 ], [ -108.866682522999952, 42.280558993000064 ], [ -108.868516081999985, 42.282445899000045 ], [ -108.870500441, 42.282593807000069 ], [ -108.866938882999989, 42.286114833000056 ], [ -108.864872092999974, 42.291748963000032 ], [ -108.871967849999976, 42.297708801000063 ], [ -108.872138557999961, 42.300281815000062 ], [ -108.877053856999979, 42.305018984000071 ], [ -108.877220660999967, 42.311135404000026 ], [ -108.881174119999969, 42.314220987000056 ], [ -108.877432973999987, 42.31587683500004 ], [ -108.866339771999947, 42.316462154000078 ], [ -108.865803060999951, 42.319471562000047 ], [ -108.867934586, 42.330103155000074 ], [ -108.868235173999949, 42.337757137000047 ], [ -108.874593648999962, 42.339202759000045 ], [ -108.888133472999982, 42.337412621000063 ], [ -108.886737950999986, 42.347175446000051 ], [ -108.889858195999977, 42.349168864000035 ], [ -108.900760452999975, 42.350026245000045 ], [ -108.901844930999971, 42.353790220000064 ], [ -108.908621682999978, 42.354320701000063 ], [ -108.901890290999972, 42.357953635000065 ], [ -108.902064067999973, 42.36090483900005 ], [ -108.894709896999984, 42.360469159000047 ], [ -108.895233165999969, 42.364890514000088 ], [ -108.90069164199997, 42.368176488000074 ], [ -108.914846050999984, 42.369929966000029 ], [ -108.91701184599998, 42.375145999000047 ], [ -108.913127887999963, 42.381138174000057 ], [ -108.91888903499995, 42.382855413000073 ], [ -108.928168616999983, 42.382214603000079 ], [ -108.93384548399996, 42.383165804000036 ], [ -108.940516318, 42.386977461000072 ], [ -108.947364656, 42.392979350000068 ], [ -108.952869474999943, 42.398572412000078 ], [ -108.96368864599998, 42.40559294500008 ], [ -108.969246453, 42.414438126000057 ], [ -108.992002856999989, 42.417567130000066 ], [ -108.992349369999943, 42.424657431000064 ], [ -108.991716069999939, 42.427983997000069 ], [ -109.000725403999979, 42.429151622000063 ], [ -109.001631573999987, 42.430056480000083 ], [ -109.00431062399997, 42.427058902000056 ], [ -109.020387577999941, 42.421457553000039 ], [ -109.023788710999952, 42.429360534000075 ], [ -109.029603324, 42.427368754000042 ], [ -109.03150372999994, 42.428305531000035 ], [ -109.034534148999967, 42.428680503000074 ], [ -109.03110688299995, 42.434793229000043 ], [ -109.058263210999939, 42.434283816000061 ], [ -109.060582518, 42.436092310000042 ], [ -109.057787387999952, 42.439702951000072 ], [ -109.058661611, 42.444286609000073 ], [ -109.065599145999954, 42.446421736000048 ], [ -109.069510552999986, 42.446323389000042 ], [ -109.083621299999947, 42.450547807000085 ], [ -109.091414519999944, 42.45432998900003 ], [ -109.099909227999945, 42.454120509000056 ], [ -109.100898335999943, 42.454832545000045 ], [ -109.107691985999963, 42.455025455000047 ], [ -109.119675114999964, 42.454581161000085 ], [ -109.121903077999946, 42.455117752000042 ], [ -109.124598639999988, 42.459607921000043 ], [ -109.126254040999981, 42.463253310000027 ], [ -109.125545727999977, 42.467132679000031 ], [ -109.125732738999943, 42.471168689000081 ], [ -109.128606636999962, 42.472005835000061 ], [ -109.128430893999962, 42.476532064000025 ], [ -109.134383967999952, 42.478415153000071 ], [ -109.141816221999989, 42.478366754000035 ], [ -109.144274468, 42.481546273000049 ], [ -109.155990687999974, 42.483777394000079 ], [ -109.16169658299998, 42.485280563000067 ], [ -109.16404238299998, 42.484011222000049 ], [ -109.167145759, 42.490371993000053 ], [ -109.168816389999961, 42.492148032000046 ], [ -109.18230688999995, 42.489845861000049 ], [ -109.187463736, 42.492101719000061 ], [ -109.183626686999972, 42.501592507000055 ], [ -109.185790426999972, 42.504799654000074 ], [ -109.195302913999967, 42.506729146000055 ], [ -109.202868055999943, 42.506428886000045 ], [ -109.204013628, 42.508187820000046 ], [ -109.200465631999975, 42.514035454000066 ], [ -109.203563881999969, 42.517045697000071 ], [ -109.198523236999961, 42.522971145000042 ], [ -109.200208290999981, 42.529450558000065 ], [ -109.202816769999984, 42.532532892000063 ], [ -109.200162544999955, 42.536776744000072 ], [ -109.194115860999943, 42.540663296000041 ], [ -109.195611521999979, 42.544219101000067 ], [ -109.186073912999973, 42.549772764000068 ], [ -109.184786631999941, 42.55475374800006 ], [ -109.179309082999964, 42.555836614000043 ], [ -109.173811149999949, 42.559733448000031 ], [ -109.172323240999958, 42.566657541000041 ], [ -109.16961379199995, 42.568611174000068 ], [ -109.165984791999961, 42.56975635900006 ], [ -109.167176112, 42.571720749000065 ], [ -109.15680683799998, 42.573264212000026 ], [ -109.149671354999953, 42.571610273000033 ], [ -109.137934602999962, 42.57855415600006 ], [ -109.134869703999982, 42.589604829000045 ], [ -109.135127642999976, 42.592715447000039 ], [ -109.132222782999989, 42.605488724000061 ], [ -109.12194741899998, 42.61961788800005 ], [ -109.116460005999954, 42.619329104000023 ], [ -109.113555707, 42.617290715000081 ], [ -109.107898748999958, 42.621645043000058 ], [ -109.102340466999976, 42.622551333000047 ], [ -109.09452435999998, 42.630543304000071 ], [ -109.094114905999959, 42.635955764000073 ], [ -109.095139033999942, 42.642748727000026 ], [ -109.109018277999951, 42.651542587000051 ], [ -109.113279475999946, 42.651947720000067 ], [ -109.116946563999988, 42.658167853000066 ], [ -109.114940955999941, 42.663570300000053 ], [ -109.118844853999974, 42.666491136000054 ], [ -109.122530209999979, 42.66590367200007 ], [ -109.125626792, 42.670352235000053 ], [ -109.126955408999947, 42.670641943000078 ], [ -109.12580870499994, 42.673051462000046 ], [ -109.128806135, 42.681676850000031 ], [ -109.129481754999972, 42.686987297000023 ], [ -109.134596462, 42.696283655000059 ], [ -109.134333546999983, 42.700236607000086 ], [ -109.137073155999985, 42.705485749000047 ], [ -109.128840263999962, 42.708016385000064 ], [ -109.133084830999977, 42.713526416000043 ], [ -109.13439071, 42.718080093000026 ], [ -109.136361419999957, 42.719021638000079 ], [ -109.13920462199998, 42.722133 ], [ -109.147004725999977, 42.726865341000064 ], [ -109.142929466999988, 42.733216783000046 ], [ -109.13326183099997, 42.733220240000037 ], [ -109.133387686, 42.737564407000036 ], [ -109.141272249999986, 42.73873757500008 ], [ -109.14656243099995, 42.742894671000037 ], [ -109.160233981999966, 42.743509700000054 ], [ -109.16139076099995, 42.74818547600006 ], [ -109.170115392999946, 42.749015381000049 ], [ -109.17969886799996, 42.751645405000033 ], [ -109.179196162999972, 42.755040307000066 ], [ -109.183792695999955, 42.757505645000037 ], [ -109.188898997999956, 42.763418873000035 ], [ -109.195316691999949, 42.768427958000075 ], [ -109.204472800999952, 42.76962216700008 ], [ -109.209974400999954, 42.770432491000065 ], [ -109.214979342999982, 42.762734281000071 ], [ -109.217903904999957, 42.760298687000038 ], [ -109.222598815999959, 42.762358384000031 ], [ -109.231535312999938, 42.766993420000063 ], [ -109.236067442, 42.768369900000039 ], [ -109.236357092999981, 42.778807688000036 ], [ -109.23325938, 42.781488436000075 ], [ -109.225540428999977, 42.791170051000051 ], [ -109.21745496799997, 42.791117689000032 ], [ -109.210720564999974, 42.792901061000073 ], [ -109.213932749999969, 42.799476914000024 ], [ -109.234351668999977, 42.805515399000065 ], [ -109.237100725999952, 42.809474371000078 ], [ -109.24154309, 42.806788316000052 ], [ -109.244927562, 42.805811813000055 ], [ -109.255734422999979, 42.81258138100003 ], [ -109.26096550799997, 42.817257514000062 ], [ -109.263756675999957, 42.823879263000038 ], [ -109.269516839999937, 42.82505976200008 ], [ -109.272911981999982, 42.833117297000058 ], [ -109.278011190999962, 42.837716660000069 ], [ -109.280683536999973, 42.843712173000036 ], [ -109.278899927999987, 42.845885746000079 ], [ -109.284166296999956, 42.847417198000066 ], [ -109.292153381, 42.845929167000065 ], [ -109.300409401999957, 42.850426724000037 ], [ -109.314268557999981, 42.855734130000037 ], [ -109.320423305999952, 42.861128977000071 ], [ -109.325054081999951, 42.866356334000045 ], [ -109.32799840399997, 42.873452089000075 ], [ -109.33089575799994, 42.874976567000033 ], [ -109.33003214699994, 42.881023876000029 ], [ -109.331488139999976, 42.88482218300004 ], [ -109.333079079999948, 42.896264129000031 ], [ -109.338564525999971, 42.897518896000072 ], [ -109.345834181999976, 42.917613651000075 ], [ -109.3467346, 42.919992382000032 ], [ -109.356908966999981, 42.925794954000025 ], [ -109.360559513999988, 42.934236284000065 ], [ -109.371373171999963, 42.945712503000038 ], [ -109.379129078999938, 42.941768521000029 ], [ -109.387098607999974, 42.939149045000079 ], [ -109.393700986999988, 42.939958030000071 ], [ -109.398860604999982, 42.939763867000067 ], [ -109.400733204999938, 42.944810234000037 ], [ -109.408833538999943, 42.953240656000048 ], [ -109.414767271999949, 42.95582055400007 ], [ -109.428917239999976, 42.961152277000053 ], [ -109.428823481999984, 42.96267768000007 ], [ -109.432170283999938, 42.966468953000067 ], [ -109.434220387, 42.96855460900008 ], [ -109.44105048299997, 42.967879675000056 ], [ -109.44441263399996, 42.97042762500007 ], [ -109.451714949999939, 42.971088551000037 ], [ -109.454269456999953, 42.970084153000073 ], [ -109.456705976999956, 42.975620738000032 ], [ -109.463250329999937, 42.981294505000051 ], [ -109.459876855999937, 42.983357184000063 ], [ -109.460727623999958, 42.988298618000051 ], [ -109.467389666999964, 42.991968237000037 ], [ -109.472904706999941, 42.990703754000037 ], [ -109.476370985999949, 42.994016162000037 ], [ -109.482588259999943, 42.993893795000076 ], [ -109.48788318, 42.994694553000045 ], [ -109.49257203999997, 42.995927831000074 ], [ -109.495210529999966, 43.001532487000077 ], [ -109.502423499999963, 43.01051755900005 ], [ -109.506603543999972, 43.009861699000055 ], [ -109.515142119999965, 43.007493814000043 ], [ -109.518047429999967, 43.011119625000049 ], [ -109.523780295999984, 43.00993832000006 ], [ -109.529759119999937, 43.013923605000059 ], [ -109.541771515, 43.011785049000025 ], [ -109.54425282699998, 43.010750044000076 ], [ -109.552111759999946, 43.012431044000039 ], [ -109.555444020999971, 43.022899290000055 ], [ -109.553793716999962, 43.024801930000081 ], [ -109.555609393999987, 43.027799268000081 ], [ -109.552380340999946, 43.03358232000005 ], [ -109.549420136999984, 43.037657341000056 ], [ -109.554367562999985, 43.040259800000065 ], [ -109.56068595399995, 43.039913078000048 ], [ -109.559614621999984, 43.047603956000039 ], [ -109.564845586, 43.046467593000045 ], [ -109.570096726999964, 43.049863150000078 ], [ -109.562025421, 43.052013776000081 ], [ -109.552265607999971, 43.059835576000076 ], [ -109.554717325999945, 43.062272304000032 ], [ -109.552376174999949, 43.068177068000068 ], [ -109.553775663999943, 43.072613771000078 ], [ -109.56106820499997, 43.076945717000058 ], [ -109.561137554999959, 43.083758499000062 ], [ -109.566516698, 43.086473847000043 ], [ -109.569376649999981, 43.092386778000048 ], [ -109.569441558999983, 43.095918115000082 ], [ -109.571947578999982, 43.100139227000057 ], [ -109.578692798999953, 43.099814351000077 ], [ -109.585239447999982, 43.107650067000058 ], [ -109.59411711599995, 43.117228027000067 ], [ -109.604761942999971, 43.119945194000024 ], [ -109.611871139999948, 43.124902631000062 ], [ -109.620422589999976, 43.125673230000082 ], [ -109.62464790699994, 43.134491558000036 ], [ -109.623907288999987, 43.136772479000058 ], [ -109.626731267999958, 43.13975941800004 ], [ -109.630250984999989, 43.150033232000055 ], [ -109.63010367399994, 43.162481604000043 ], [ -109.635656920999963, 43.165461121000078 ], [ -109.64063092899994, 43.163616088000033 ], [ -109.644931405999955, 43.162437109000052 ], [ -109.653069498999969, 43.169996766000054 ], [ -109.655228887999954, 43.17783120100006 ], [ -109.655471717999944, 43.183119713000053 ], [ -109.65439913299997, 43.185832767000079 ], [ -109.66070089599998, 43.199629367000057 ], [ -109.659416207999982, 43.201932640000052 ], [ -109.665440689999969, 43.204792500000053 ], [ -109.665949621999971, 43.206176251000045 ], [ -109.670239251999988, 43.209169835000075 ], [ -109.671212239999988, 43.212573528000064 ], [ -109.675884142999962, 43.214691580000078 ], [ -109.67513443699994, 43.224310460000027 ], [ -109.670195684999953, 43.228636058000063 ], [ -109.67450385099994, 43.234055045000048 ], [ -109.677689599999951, 43.236458870000035 ], [ -109.675874938, 43.245261643000049 ], [ -109.674597223999967, 43.247969930000068 ], [ -109.678749253999968, 43.250770841000076 ], [ -109.681970111999988, 43.256814603000066 ], [ -109.685210579999989, 43.26021978700004 ], [ -109.692519750999978, 43.264699940000071 ], [ -109.682259167999973, 43.270253426000068 ], [ -109.678607696999975, 43.274445659000037 ], [ -109.685584304999963, 43.283184744000039 ], [ -109.685448465999968, 43.285832473000028 ], [ -109.680313942999987, 43.287862131000047 ], [ -109.681275455, 43.293562123000079 ], [ -109.674075629999948, 43.296427528000045 ], [ -109.672520992999978, 43.302154045000066 ], [ -109.673496929999942, 43.305476855000052 ], [ -109.672159520999969, 43.309704435000071 ], [ -109.678094685999952, 43.314633560000061 ], [ -109.680986556, 43.318192464000049 ], [ -109.687093410999978, 43.319373262000063 ], [ -109.695145315, 43.327518564000059 ], [ -109.700352200999987, 43.334961068000041 ], [ -109.700454840999953, 43.342848135000054 ], [ -109.694636712999966, 43.350105628000051 ], [ -109.695172054999944, 43.361382053000057 ], [ -109.694911611999942, 43.366074458000078 ], [ -109.705176756999947, 43.369104489000058 ], [ -109.708375291999971, 43.374328748000039 ], [ -109.730717620999954, 43.367773277000026 ], [ -109.736248485999965, 43.36532009900003 ], [ -109.743006044999959, 43.365066242000076 ], [ -109.747384900999975, 43.366585832000055 ], [ -109.758398648999957, 43.366104256000028 ], [ -109.763684301999945, 43.370808135000061 ], [ -109.770106733999967, 43.378556918000072 ], [ -109.778897260999955, 43.382199894000053 ], [ -109.783771788999957, 43.387710075000037 ], [ -109.799416938999983, 43.390368322000029 ], [ -109.813603085999944, 43.385899940000058 ], [ -109.816966873999959, 43.384745993000088 ], [ -109.824616922999951, 43.381583369000055 ], [ -109.837536709999938, 43.382457888000033 ], [ -109.839379894, 43.381052648000043 ], [ -109.846804697999971, 43.383431231000031 ], [ -109.855434944999956, 43.384929095000075 ], [ -109.868918232999988, 43.380196753000071 ], [ -109.874764317999961, 43.379587980000053 ], [ -109.877176399999939, 43.378356220000057 ], [ -109.894750355999989, 43.383106799000075 ], [ -109.925833559999944, 43.399905950000061 ], [ -109.934896479999964, 43.409219385000029 ], [ -109.935783011999945, 43.414466739000034 ], [ -109.944425089999982, 43.417347788000029 ], [ -109.948523627999975, 43.422135949000058 ], [ -109.957413513999938, 43.419988810000063 ], [ -109.96890090899997, 43.420384733000049 ], [ -109.972178897999981, 43.42378818800006 ], [ -109.979651534999959, 43.42616405900003 ], [ -109.990255947999984, 43.429961828000046 ], [ -109.998046638999938, 43.444496213000043 ], [ -110.001808704, 43.444595037000056 ], [ -110.00470069499994, 43.446504978000064 ], [ -110.013080897999941, 43.443411019000052 ], [ -110.016452318999939, 43.442073521000061 ], [ -110.021931952999978, 43.440898623000066 ], [ -110.033484021, 43.450054671000032 ] ] ] } }
]
}
